"","descendant_concept_id","ancestor_concept_id","concept_name","domain_id","vocabulary_id","concept_class_id","standard_concept","concept_code","source"
"1",22665,192671,"Chronic peptic ulcer with hemorrhage AND with perforation but without obstruction","Condition","SNOMED","Disorder","S","55746001","athena"
"2",22665,4027663,"Chronic peptic ulcer with hemorrhage AND with perforation but without obstruction","Condition","SNOMED","Disorder","S","55746001","athena"
"3",23237,192671,"Acute peptic ulcer with hemorrhage AND obstruction","Condition","SNOMED","Disorder","S","43406003","athena"
"4",23237,4027663,"Acute peptic ulcer with hemorrhage AND obstruction","Condition","SNOMED","Disorder","S","43406003","athena"
"5",23245,192671,"Esophageal bleeding","Condition","SNOMED","Disorder","S","15238002","athena"
"6",23247,4027663,"Chronic peptic ulcer with perforation but without obstruction","Condition","SNOMED","Disorder","S","80953005","athena"
"7",23808,4027663,"Chronic peptic ulcer without hemorrhage, without perforation AND without obstruction","Condition","SNOMED","Disorder","S","60400003","athena"
"8",24076,192671,"Chronic peptic ulcer with hemorrhage AND obstruction","Condition","SNOMED","Disorder","S","56461008","athena"
"9",24076,4027663,"Chronic peptic ulcer with hemorrhage AND obstruction","Condition","SNOMED","Disorder","S","56461008","athena"
"10",24397,192671,"Chronic peptic ulcer with hemorrhage, with perforation AND with obstruction","Condition","SNOMED","Disorder","S","77661009","athena"
"11",24397,4027663,"Chronic peptic ulcer with hemorrhage, with perforation AND with obstruction","Condition","SNOMED","Disorder","S","77661009","athena"
"12",24973,4027663,"Chronic peptic ulcer without hemorrhage AND without perforation but with obstruction","Condition","SNOMED","Disorder","S","12384004","athena"
"13",25844,4027663,"Ulcer of esophagus","Condition","SNOMED","Disorder","S","30811009","athena"
"14",26441,192671,"Bleeding ulcer of esophagus","Condition","SNOMED","Disorder","S","57748001","athena"
"15",26441,4027663,"Bleeding ulcer of esophagus","Condition","SNOMED","Disorder","S","57748001","athena"
"16",26718,4027663,"Acute peptic ulcer with perforation AND obstruction","Condition","SNOMED","Disorder","S","35681000","athena"
"17",26727,192671,"Hematemesis","Condition","SNOMED","Disorder","S","8765009","athena"
"18",27026,192671,"Acute peptic ulcer with hemorrhage AND with perforation but without obstruction","Condition","SNOMED","Disorder","S","47064007","athena"
"19",27026,4027663,"Acute peptic ulcer with hemorrhage AND with perforation but without obstruction","Condition","SNOMED","Disorder","S","47064007","athena"
"20",30439,4027663,"Acute peptic ulcer with perforation but without obstruction","Condition","SNOMED","Disorder","S","34921009","athena"
"21",30442,4027663,"Chronic peptic ulcer with perforation AND obstruction","Condition","SNOMED","Disorder","S","57871005","athena"
"22",30770,192671,"Chronic peptic ulcer with hemorrhage but without obstruction","Condition","SNOMED","Disorder","S","81518000","athena"
"23",30770,4027663,"Chronic peptic ulcer with hemorrhage but without obstruction","Condition","SNOMED","Disorder","S","81518000","athena"
"24",31335,192671,"Acute peptic ulcer with hemorrhage but without obstruction","Condition","SNOMED","Disorder","S","22157005","athena"
"25",31335,4027663,"Acute peptic ulcer with hemorrhage but without obstruction","Condition","SNOMED","Disorder","S","22157005","athena"
"26",192671,192671,"Gastrointestinal hemorrhage","Condition","SNOMED","Disorder","S","74474003","athena"
"27",192954,4027663,"Acute gastric ulcer without hemorrhage AND without perforation but with obstruction","Condition","SNOMED","Disorder","S","81225008","athena"
"28",193249,192671,"Acute hemorrhagic gastritis","Condition","SNOMED","Disorder","S","2367005","athena"
"29",193250,192671,"Gastric hemorrhage","Condition","SNOMED","Disorder","S","61401005","athena"
"30",193795,192671,"Acute gastric ulcer with hemorrhage but without obstruction","Condition","SNOMED","Disorder","S","70418001","athena"
"31",193795,4027663,"Acute gastric ulcer with hemorrhage but without obstruction","Condition","SNOMED","Disorder","S","70418001","athena"
"32",194158,192671,"Perinatal gastrointestinal hemorrhage","Condition","SNOMED","Disorder","S","48729005","athena"
"33",194395,192671,"Hemorrhage of large intestine with diverticular disease of large intestine","Condition","SNOMED","Disorder","S","197092000","athena"
"34",194680,4027663,"Acute gastric ulcer with perforation but without obstruction","Condition","SNOMED","Disorder","S","90628007","athena"
"35",194986,192671,"Acute peptic ulcer with hemorrhage, with perforation AND with obstruction","Condition","SNOMED","Disorder","S","28945005","athena"
"36",194986,4027663,"Acute peptic ulcer with hemorrhage, with perforation AND with obstruction","Condition","SNOMED","Disorder","S","28945005","athena"
"37",195583,4027663,"Chronic gastric ulcer without hemorrhage AND without perforation but with obstruction","Condition","SNOMED","Disorder","S","60531007","athena"
"38",195584,4027663,"Acute peptic ulcer without hemorrhage AND without perforation but with obstruction","Condition","SNOMED","Disorder","S","58085004","athena"
"39",195845,192671,"Acute gastric ulcer with hemorrhage, with perforation and with obstruction","Condition","SNOMED","Disorder","S","53337006","athena"
"40",195845,4027663,"Acute gastric ulcer with hemorrhage, with perforation and with obstruction","Condition","SNOMED","Disorder","S","53337006","athena"
"41",195851,4027663,"Gastric ulcer without hemorrhage, without perforation AND without obstruction","Condition","SNOMED","Disorder","S","59913009","athena"
"42",196442,192671,"Chronic gastric ulcer with hemorrhage AND with perforation but without obstruction","Condition","SNOMED","Disorder","S","74341002","athena"
"43",196442,4027663,"Chronic gastric ulcer with hemorrhage AND with perforation but without obstruction","Condition","SNOMED","Disorder","S","74341002","athena"
"44",196443,4027663,"Gastric ulcer without hemorrhage AND without perforation but with obstruction","Condition","SNOMED","Disorder","S","31452001","athena"
"45",197018,192671,"Chronic gastric ulcer with hemorrhage but without obstruction","Condition","SNOMED","Disorder","S","76078009","athena"
"46",197018,4027663,"Chronic gastric ulcer with hemorrhage but without obstruction","Condition","SNOMED","Disorder","S","76078009","athena"
"47",197024,192671,"Small intestinal hemorrhage","Condition","SNOMED","Disorder","S","70375006","athena"
"48",197914,4027663,"Chronic gastric ulcer with perforation but without obstruction","Condition","SNOMED","Disorder","S","36246001","athena"
"49",197925,192671,"Hemorrhage of rectum and anus","Condition","SNOMED","Disorder","S","266464001","athena"
"50",198187,4027663,"Acute peptic ulcer without hemorrhage, without perforation AND without obstruction","Condition","SNOMED","Disorder","S","3023008","athena"
"51",198190,4027663,"Gastric ulcer with perforation AND obstruction","Condition","SNOMED","Disorder","S","72486001","athena"
"52",198467,192671,"Acute gastric ulcer with hemorrhage and obstruction","Condition","SNOMED","Disorder","S","46708007","athena"
"53",198467,4027663,"Acute gastric ulcer with hemorrhage and obstruction","Condition","SNOMED","Disorder","S","46708007","athena"
"54",198801,192671,"Chronic gastric ulcer with hemorrhage, with perforation and with obstruction","Condition","SNOMED","Disorder","S","85787009","athena"
"55",198801,4027663,"Chronic gastric ulcer with hemorrhage, with perforation and with obstruction","Condition","SNOMED","Disorder","S","85787009","athena"
"56",199062,4027663,"Acute gastric ulcer without hemorrhage, without perforation AND without obstruction","Condition","SNOMED","Disorder","S","54053008","athena"
"57",199855,192671,"Acute gastric ulcer with hemorrhage AND with perforation but without obstruction","Condition","SNOMED","Disorder","S","17067009","athena"
"58",199855,4027663,"Acute gastric ulcer with hemorrhage AND with perforation but without obstruction","Condition","SNOMED","Disorder","S","17067009","athena"
"59",200137,4027663,"Acute gastric ulcer with perforation AND obstruction","Condition","SNOMED","Disorder","S","43694004","athena"
"60",200769,4027663,"Chronic gastric ulcer without hemorrhage, without perforation AND without obstruction","Condition","SNOMED","Disorder","S","1567007","athena"
"61",200771,4027663,"Peptic ulcer without hemorrhage AND without perforation but with obstruction","Condition","SNOMED","Disorder","S","54157007","athena"
"62",201069,4027663,"Peptic ulcer without hemorrhage, without perforation AND without obstruction","Condition","SNOMED","Disorder","S","38365000","athena"
"63",201885,192671,"Chronic gastric ulcer with hemorrhage and with obstruction","Condition","SNOMED","Disorder","S","85859006","athena"
"64",201885,4027663,"Chronic gastric ulcer with hemorrhage and with obstruction","Condition","SNOMED","Disorder","S","85859006","athena"
"65",316457,192671,"Mallory-Weiss syndrome","Condition","SNOMED","Disorder","S","35265002","athena"
"66",432354,4027663,"Chronic duodenal ulcer with perforation but without obstruction","Condition","SNOMED","Disorder","S","34602004","athena"
"67",432951,4027663,"Acute gastrojejunal ulcer without hemorrhage AND without perforation but with obstruction","Condition","SNOMED","Disorder","S","10389003","athena"
"68",433246,4027663,"Chronic duodenal ulcer without hemorrhage, without perforation AND without obstruction","Condition","SNOMED","Disorder","S","57940000","athena"
"69",433515,192671,"Chronic gastrojejunal ulcer with hemorrhage","Condition","SNOMED","Disorder","S","62838000","athena"
"70",433515,4027663,"Chronic gastrojejunal ulcer with hemorrhage","Condition","SNOMED","Disorder","S","62838000","athena"
"71",434070,4027663,"Acute duodenal ulcer with perforation AND obstruction","Condition","SNOMED","Disorder","S","62936002","athena"
"72",434400,4027663,"Chronic gastrojejunal ulcer without hemorrhage AND without perforation but with obstruction","Condition","SNOMED","Disorder","S","56579005","athena"
"73",434402,4027663,"Acute duodenal ulcer with hemorrhage but without obstruction","Condition","SNOMED","Disorder","S","66767006","athena"
"74",434402,192671,"Acute duodenal ulcer with hemorrhage but without obstruction","Condition","SNOMED","Disorder","S","66767006","athena"
"75",435305,4027663,"Duodenal ulcer without hemorrhage AND without perforation but with obstruction","Condition","SNOMED","Disorder","S","18169007","athena"
"76",435578,4027663,"Acute duodenal ulcer with perforation but without obstruction","Condition","SNOMED","Disorder","S","22511002","athena"
"77",435579,4027663,"Chronic gastrojejunal ulcer with perforation but without obstruction","Condition","SNOMED","Disorder","S","62477005","athena"
"78",435846,4027663,"Acute gastrojejunal ulcer with perforation AND obstruction","Condition","SNOMED","Disorder","S","72219001","athena"
"79",435855,4027663,"Acute duodenal ulcer with hemorrhage AND with perforation but without obstruction","Condition","SNOMED","Disorder","S","51847008","athena"
"80",435855,192671,"Acute duodenal ulcer with hemorrhage AND with perforation but without obstruction","Condition","SNOMED","Disorder","S","51847008","athena"
"81",435859,4027663,"Acute duodenal ulcer without hemorrhage AND without perforation but with obstruction","Condition","SNOMED","Disorder","S","75342000","athena"
"82",436148,4027663,"Chronic duodenal ulcer with hemorrhage but without obstruction","Condition","SNOMED","Disorder","S","62341002","athena"
"83",436148,192671,"Chronic duodenal ulcer with hemorrhage but without obstruction","Condition","SNOMED","Disorder","S","62341002","athena"
"84",436453,4027663,"Chronic duodenal ulcer with obstruction","Condition","SNOMED","Disorder","S","196666001","athena"
"85",436460,4027663,"Acute gastrojejunal ulcer without hemorrhage, without perforation AND without obstruction","Condition","SNOMED","Disorder","S","77987006","athena"
"86",436729,4027663,"Chronic gastrojejunal ulcer with hemorrhage and obstruction","Condition","SNOMED","Disorder","S","90257004","athena"
"87",436729,192671,"Chronic gastrojejunal ulcer with hemorrhage and obstruction","Condition","SNOMED","Disorder","S","90257004","athena"
"88",437021,192671,"Acute duodenal ulcer with hemorrhage, with perforation AND with obstruction","Condition","SNOMED","Disorder","S","41986000","athena"
"89",437021,4027663,"Acute duodenal ulcer with hemorrhage, with perforation AND with obstruction","Condition","SNOMED","Disorder","S","41986000","athena"
"90",437027,192671,"Hemorrhagic duodenitis","Condition","SNOMED","Disorder","S","95531001","athena"
"91",437323,192671,"Chronic duodenal ulcer with hemorrhage AND obstruction","Condition","SNOMED","Disorder","S","34021006","athena"
"92",437323,4027663,"Chronic duodenal ulcer with hemorrhage AND obstruction","Condition","SNOMED","Disorder","S","34021006","athena"
"93",437326,4027663,"Chronic gastrojejunal ulcer with hemorrhage and with perforation but without obstruction","Condition","SNOMED","Disorder","S","46523000","athena"
"94",437326,192671,"Chronic gastrojejunal ulcer with hemorrhage and with perforation but without obstruction","Condition","SNOMED","Disorder","S","46523000","athena"
"95",437598,4027663,"Acute gastrojejunal ulcer with perforation but without obstruction","Condition","SNOMED","Disorder","S","72395008","athena"
"96",438188,4027663,"Gastrojejunal ulcer without hemorrhage AND without perforation but with obstruction","Condition","SNOMED","Disorder","S","47152002","athena"
"97",438468,4027663,"Acute gastrojejunal ulcer with hemorrhage but without obstruction","Condition","SNOMED","Disorder","S","59515005","athena"
"98",438468,192671,"Acute gastrojejunal ulcer with hemorrhage but without obstruction","Condition","SNOMED","Disorder","S","59515005","athena"
"99",438469,4027663,"Duodenal ulcer without hemorrhage, without perforation AND without obstruction","Condition","SNOMED","Disorder","S","34580000","athena"
"100",438795,4027663,"Chronic gastrojejunal ulcer without hemorrhage, without perforation AND without obstruction","Condition","SNOMED","Disorder","S","41626001","athena"
"101",438796,4027663,"Chronic duodenal ulcer with hemorrhage AND with perforation but without obstruction","Condition","SNOMED","Disorder","S","81142005","athena"
"102",438796,192671,"Chronic duodenal ulcer with hemorrhage AND with perforation but without obstruction","Condition","SNOMED","Disorder","S","81142005","athena"
"103",439058,4027663,"Chronic duodenal ulcer with perforation AND obstruction","Condition","SNOMED","Disorder","S","60551006","athena"
"104",439858,4027663,"Gastrojejunal ulcer without hemorrhage, without perforation AND without obstruction","Condition","SNOMED","Disorder","S","35517004","athena"
"105",440755,4027663,"Acute duodenal ulcer without hemorrhage, without perforation AND without obstruction","Condition","SNOMED","Disorder","S","23693000","athena"
"106",440756,4027663,"Chronic duodenal ulcer with hemorrhage, with perforation AND with obstruction","Condition","SNOMED","Disorder","S","86258000","athena"
"107",440756,192671,"Chronic duodenal ulcer with hemorrhage, with perforation AND with obstruction","Condition","SNOMED","Disorder","S","86258000","athena"
"108",441062,4027663,"Acute duodenal ulcer with hemorrhage AND obstruction","Condition","SNOMED","Disorder","S","87756006","athena"
"109",441062,192671,"Acute duodenal ulcer with hemorrhage AND obstruction","Condition","SNOMED","Disorder","S","87756006","athena"
"110",441063,4027663,"Acute gastrojejunal ulcer with hemorrhage and obstruction","Condition","SNOMED","Disorder","S","72408002","athena"
"111",441063,192671,"Acute gastrojejunal ulcer with hemorrhage and obstruction","Condition","SNOMED","Disorder","S","72408002","athena"
"112",441328,4027663,"Acute gastrojejunal ulcer with hemorrhage and with perforation but without obstruction","Condition","SNOMED","Disorder","S","66673003","athena"
"113",441328,192671,"Acute gastrojejunal ulcer with hemorrhage and with perforation but without obstruction","Condition","SNOMED","Disorder","S","66673003","athena"
"114",442190,192671,"Hemorrhage of colon","Condition","SNOMED","Disorder","S","95540002","athena"
"115",442314,4027663,"Acute gastrojejunal ulcer with hemorrhage, with perforation and with obstruction","Condition","SNOMED","Disorder","S","58711008","athena"
"116",442314,192671,"Acute gastrojejunal ulcer with hemorrhage, with perforation and with obstruction","Condition","SNOMED","Disorder","S","58711008","athena"
"117",443770,4027663,"Chronic duodenal ulcer without hemorrhage AND without perforation but with obstruction","Condition","SNOMED","Disorder","S","28082003","athena"
"118",443779,4027663,"Chronic gastrojejunal ulcer with hemorrhage, with perforation and with obstruction","Condition","SNOMED","Disorder","S","24001002","athena"
"119",443779,192671,"Chronic gastrojejunal ulcer with hemorrhage, with perforation and with obstruction","Condition","SNOMED","Disorder","S","24001002","athena"
"120",444102,4027663,"Chronic gastrojejunal ulcer with perforation AND with obstruction","Condition","SNOMED","Disorder","S","10897002","athena"
"121",606438,4027663,"Gastric ulcer due to Henoch-Sch√∂nlein purpura","Condition","SNOMED","Disorder","S","1144981002","athena"
"122",606751,192671,"Erosion of duodenum with hemorrhage","Condition","SNOMED","Disorder","S","1148555003","athena"
"123",606751,4027663,"Erosion of duodenum with hemorrhage","Condition","SNOMED","Disorder","S","1148555003","athena"
"124",607946,192671,"Wischnewski spots","Condition","SNOMED","Disorder","S","1156385007","athena"
"125",608968,192671,"Bleeding internal hemorrhoid grade III","Condition","SNOMED","Disorder","S","15970021000119103","athena"
"126",608969,192671,"Bleeding internal hemorrhoid grade I","Condition","SNOMED","Disorder","S","15970261000119101","athena"
"127",608970,192671,"Bleeding internal hemorrhoid grade II","Condition","SNOMED","Disorder","S","15970301000119109","athena"
"128",608971,192671,"Bleeding internal hemorrhoid grade IV","Condition","SNOMED","Disorder","S","15970341000119106","athena"
"129",618462,4027663,"Chronic ulcer of pyloric antrum","Condition","SNOMED","Disorder","S","250856961000119105","athena"
"130",619555,4027663,"Acute ulcer of pyloric antrum","Condition","SNOMED","Disorder","S","89600751000119100","athena"
"131",764846,4027663,"Gastric ulcer caused by cytomegalovirus","Condition","SNOMED","Disorder","S","689991000119100","athena"
"132",1075402,192671,"Rectal hemorrhage caused by drug","Condition","SNOMED","Disorder","S","1303924001","athena"
"133",1075403,192671,"Rectal hemorrhage caused by apixaban","Condition","SNOMED","Disorder","S","1303925000","athena"
"134",1077328,192671,"Benign neoplasm of large intestine with hemorrhage","Condition","SNOMED","Disorder","S","46751000087108","athena"
"135",1077329,192671,"Bleeding ulcer of large intestine","Condition","SNOMED","Disorder","S","46761000087106","athena"
"136",1077330,192671,"Bleeding ulcer of mucosa of large intestine","Condition","SNOMED","Disorder","S","46771000087102","athena"
"137",1077332,192671,"Malignant neoplasm of large intestine with hemorrhage","Condition","SNOMED","Disorder","S","46811000087102","athena"
"138",3655003,4027663,"Duodenal ulcer induced by platelet aggregation inhibitor","Condition","SNOMED","Disorder","S","840591006","athena"
"139",3655004,4027663,"Gastric ulcer induced by platelet aggregation inhibitor","Condition","SNOMED","Disorder","S","840592004","athena"
"140",3655488,4027663,"Exacerbation of peptic ulcer","Condition","SNOMED","Disorder","S","865912001","athena"
"141",4001167,4027663,"Acute ulcerative gastroenteritis complicating pneumonia","Condition","SNOMED","Disorder","S","109814008","athena"
"142",4003018,4027663,"Drug-induced peptic ulcer","Condition","SNOMED","Disorder","S","109813002","athena"
"143",4006992,4027663,"Acute gastric erosion associated with drug ingestion","Condition","SNOMED","Disorder","S","111350000","athena"
"144",4006994,192671,"Acute peptic ulcer with hemorrhage and perforation","Condition","SNOMED","Disorder","S","111353003","athena"
"145",4006994,4027663,"Acute peptic ulcer with hemorrhage and perforation","Condition","SNOMED","Disorder","S","111353003","athena"
"146",4024831,4027663,"Esophageal ulcer caused by aspirin","Condition","SNOMED","Disorder","S","196607008","athena"
"147",4024840,4027663,"Acute duodenal ulcer with obstruction","Condition","SNOMED","Disorder","S","196658005","athena"
"148",4024842,4027663,"Recurrent duodenal ulcer","Condition","SNOMED","Disorder","S","196671008","athena"
"149",4024846,4027663,"Acute peptic ulcer with obstruction","Condition","SNOMED","Disorder","S","196687006","athena"
"150",4024849,4027663,"Chronic peptic ulcer with obstruction","Condition","SNOMED","Disorder","S","196694009","athena"
"151",4024984,4027663,"Acute gastrojejunal ulcer","Condition","SNOMED","Disorder","S","196707000","athena"
"152",4024985,4027663,"Acute gastrojejunal ulcer with obstruction","Condition","SNOMED","Disorder","S","196712004","athena"
"153",4024986,4027663,"Chronic gastrojejunal ulcer with obstruction","Condition","SNOMED","Disorder","S","196719008","athena"
"154",4025500,4027663,"Barrett's ulcer of esophagus","Condition","SNOMED","Disorder","S","196609006","athena"
"155",4025501,4027663,"Acute gastric ulcer with obstruction","Condition","SNOMED","Disorder","S","196632005","athena"
"156",4026112,192671,"Rectal hemorrhage","Condition","SNOMED","Disorder","S","12063002","athena"
"157",4027663,4027663,"Peptic ulcer","Condition","SNOMED","Disorder","S","13200003","athena"
"158",4027729,192671,"Acute duodenal ulcer with hemorrhage","Condition","SNOMED","Disorder","S","12847006","athena"
"159",4027729,4027663,"Acute duodenal ulcer with hemorrhage","Condition","SNOMED","Disorder","S","12847006","athena"
"160",4027942,4027663,"Esophagogastric ulcer","Condition","SNOMED","Disorder","S","10699001","athena"
"161",4028242,4027663,"Chronic duodenal ulcer","Condition","SNOMED","Disorder","S","128286008","athena"
"162",4028243,4027663,"Chronic gastrojejunal ulcer","Condition","SNOMED","Disorder","S","128288009","athena"
"163",4031954,192671,"Duodenal ulcer with hemorrhage AND perforation","Condition","SNOMED","Disorder","S","23812009","athena"
"164",4031954,4027663,"Duodenal ulcer with hemorrhage AND perforation","Condition","SNOMED","Disorder","S","23812009","athena"
"165",4035167,4027663,"Duodenal ulcer with hemorrhage AND with perforation but without obstruction","Condition","SNOMED","Disorder","S","15115006","athena"
"166",4035167,192671,"Duodenal ulcer with hemorrhage AND with perforation but without obstruction","Condition","SNOMED","Disorder","S","15115006","athena"
"167",4038489,4027663,"Gastrojejunal ulcer with perforation but without obstruction","Condition","SNOMED","Disorder","S","11818002","athena"
"168",4040644,4027663,"Familial duodenal ulcer associated with rapid gastric emptying","Condition","SNOMED","Disorder","S","16516008","athena"
"169",4041707,192671,"Gastric ulcer with hemorrhage but without obstruction","Condition","SNOMED","Disorder","S","16694003","athena"
"170",4041707,4027663,"Gastric ulcer with hemorrhage but without obstruction","Condition","SNOMED","Disorder","S","16694003","athena"
"171",4046500,192671,"Acute peptic ulcer with hemorrhage","Condition","SNOMED","Disorder","S","12274003","athena"
"172",4046500,4027663,"Acute peptic ulcer with hemorrhage","Condition","SNOMED","Disorder","S","12274003","athena"
"173",4048286,192671,"Neonatal rectal hemorrhage","Condition","SNOMED","Disorder","S","206425006","athena"
"174",4048601,192671,"Perinatal hematemesis","Condition","SNOMED","Disorder","S","206406008","athena"
"175",4048602,192671,"Perinatal rectal hemorrhage","Condition","SNOMED","Disorder","S","206408009","athena"
"176",4048889,192671,"Hemorrhagic enteropathy of terminal ileum","Condition","SNOMED","Disorder","S","15720001","athena"
"177",4049270,4027663,"Duodenal ulcer with hemorrhage, with perforation AND with obstruction","Condition","SNOMED","Disorder","S","12355008","athena"
"178",4049270,192671,"Duodenal ulcer with hemorrhage, with perforation AND with obstruction","Condition","SNOMED","Disorder","S","12355008","athena"
"179",4049466,192671,"Gastric ulcer with hemorrhage","Condition","SNOMED","Disorder","S","15902003","athena"
"180",4049466,4027663,"Gastric ulcer with hemorrhage","Condition","SNOMED","Disorder","S","15902003","athena"
"181",4050203,192671,"Intramural esophageal hematoma","Condition","SNOMED","Disorder","S","15970005","athena"
"182",4054392,4027663,"Peptic ulcer with perforation but without obstruction","Condition","SNOMED","Disorder","S","12625009","athena"
"183",4055895,4027663,"Chronic gastric ulcer with obstruction","Condition","SNOMED","Disorder","S","196639001","athena"
"184",4057053,4027663,"Acute duodenal ulcer","Condition","SNOMED","Disorder","S","196652006","athena"
"185",4057060,4027663,"Acute peptic ulcer","Condition","SNOMED","Disorder","S","196682000","athena"
"186",4057076,4027663,"Healed gastric ulcer leaving a scar","Condition","SNOMED","Disorder","S","196775009","athena"
"187",4057953,4027663,"Acute gastric ulcer with perforation","Condition","SNOMED","Disorder","S","19850005","athena"
"188",4059178,4027663,"Gastrojejunal ulcer","Condition","SNOMED","Disorder","S","16121001","athena"
"189",4069766,4027663,"Gastrojejunal ulcer with perforation AND obstruction","Condition","SNOMED","Disorder","S","21759003","athena"
"190",4069838,192671,"Gastric ulcer with hemorrhage, with perforation and with obstruction","Condition","SNOMED","Disorder","S","17593008","athena"
"191",4069838,4027663,"Gastric ulcer with hemorrhage, with perforation and with obstruction","Condition","SNOMED","Disorder","S","17593008","athena"
"192",4071070,192671,"Neonatal hematemesis","Condition","SNOMED","Disorder","S","206423004","athena"
"193",4071203,192671,"Gastric ulcer with hemorrhage AND perforation but without obstruction","Condition","SNOMED","Disorder","S","2066005","athena"
"194",4071203,4027663,"Gastric ulcer with hemorrhage AND perforation but without obstruction","Condition","SNOMED","Disorder","S","2066005","athena"
"195",4076267,4027663,"Gastro-esophageal reflux disease with ulceration","Condition","SNOMED","Disorder","S","245754007","athena"
"196",4080599,4027663,"Gastrocolic ulcer","Condition","SNOMED","Disorder","S","24060004","athena"
"197",4083969,192671,"Hematoma of jejunum","Condition","SNOMED","Disorder","S","282054009","athena"
"198",4084844,4027663,"Duodenal ulcer with hemorrhage AND obstruction","Condition","SNOMED","Disorder","S","18367003","athena"
"199",4084844,192671,"Duodenal ulcer with hemorrhage AND obstruction","Condition","SNOMED","Disorder","S","18367003","athena"
"200",4085415,192671,"Hematoma of anus","Condition","SNOMED","Disorder","S","282074002","athena"
"201",4087310,192671,"Bleeding gastric varices","Condition","SNOMED","Disorder","S","24807004","athena"
"202",4087594,4027663,"Acute gastric mucosal erosion","Condition","SNOMED","Disorder","S","18665000","athena"
"203",4095094,192671,"Colonic hematoma","Condition","SNOMED","Disorder","S","262870003","athena"
"204",4095410,192671,"Peptic ulcer with hemorrhage, with perforation AND with obstruction","Condition","SNOMED","Disorder","S","26221006","athena"
"205",4095410,4027663,"Peptic ulcer with hemorrhage, with perforation AND with obstruction","Condition","SNOMED","Disorder","S","26221006","athena"
"206",4095555,192671,"Esophageal hematoma","Condition","SNOMED","Disorder","S","262790002","athena"
"207",4095570,192671,"Small intestinal hematoma","Condition","SNOMED","Disorder","S","262852001","athena"
"208",4095572,192671,"Appendix hematoma","Condition","SNOMED","Disorder","S","262858002","athena"
"209",4096032,192671,"Duodenal hematoma","Condition","SNOMED","Disorder","S","262843005","athena"
"210",4096773,192671,"Stomach hematoma","Condition","SNOMED","Disorder","S","262838003","athena"
"211",4096781,192671,"Rectal hematoma","Condition","SNOMED","Disorder","S","262876009","athena"
"212",4096916,192671,"Bleeding external hemorrhoids","Condition","SNOMED","Disorder","S","26421009","athena"
"213",4099014,4027663,"Duodenal ulcer with hemorrhage","Condition","SNOMED","Disorder","S","27281001","athena"
"214",4099014,192671,"Duodenal ulcer with hemorrhage","Condition","SNOMED","Disorder","S","27281001","athena"
"215",4100660,192671,"Acute gastrointestinal hemorrhage","Condition","SNOMED","Disorder","S","27719009","athena"
"216",4101104,4027663,"Gastrojejunal ulcer without hemorrhage AND without perforation","Condition","SNOMED","Disorder","S","2783007","athena"
"217",4101870,4027663,"Chronic gastrojejunal ulcer with perforation","Condition","SNOMED","Disorder","S","2807004","athena"
"218",4102254,4027663,"Gastroesophageal erosion","Condition","SNOMED","Disorder","S","301007008","athena"
"219",4103011,192671,"Chronic upper gastrointestinal hemorrhage","Condition","SNOMED","Disorder","S","25349007","athena"
"220",4105935,4027663,"Duodenal ulcer with increased serum pepsinogen I","Condition","SNOMED","Disorder","S","29755007","athena"
"221",4106997,192671,"Hematoma of ileum","Condition","SNOMED","Disorder","S","282065004","athena"
"222",4119169,192671,"Cecal hematoma","Condition","SNOMED","Disorder","S","262865005","athena"
"223",4126437,4027663,"Cushing ulcer","Condition","SNOMED","Disorder","S","23649000","athena"
"224",4128705,192671,"Hemorrhagic enteritis of intestine","Condition","SNOMED","Disorder","S","235224000","athena"
"225",4131525,192671,"Hemorrhagic gastropathy","Condition","SNOMED","Disorder","S","413218001","athena"
"226",4134146,4027663,"Chronic peptic ulcer","Condition","SNOMED","Disorder","S","128287004","athena"
"227",4134808,192671,"Hemorrhagic duodenopathy","Condition","SNOMED","Disorder","S","413212000","athena"
"228",4138962,4027663,"Acute duodenal ulcer without hemorrhage AND without perforation","Condition","SNOMED","Disorder","S","32490005","athena"
"229",4139411,192671,"Massive gastrointestinal bleed","Condition","SNOMED","Disorder","S","307297004","athena"
"230",4143871,192671,"Erosion of stomach with hemorrhage","Condition","SNOMED","Disorder","S","307233002","athena"
"231",4143871,4027663,"Erosion of stomach with hemorrhage","Condition","SNOMED","Disorder","S","307233002","athena"
"232",4144926,192671,"Recurrent gastrointestinal bleeding","Condition","SNOMED","Disorder","S","307296008","athena"
"233",4145805,192671,"Vomiting blood - fresh","Condition","SNOMED","Disorder","S","267051003","athena"
"234",4146517,4027663,"Chronic peptic ulcer with perforation","Condition","SNOMED","Disorder","S","3483000","athena"
"235",4147351,4027663,"Gastrojejunal ulcer with perforation","Condition","SNOMED","Disorder","S","30183003","athena"
"236",4147683,4027663,"Acute gastrojejunal ulcer without hemorrhage AND without perforation","Condition","SNOMED","Disorder","S","30514008","athena"
"237",4149010,192671,"Duodenal ulcer with hemorrhage but without obstruction","Condition","SNOMED","Disorder","S","35560008","athena"
"238",4149010,4027663,"Duodenal ulcer with hemorrhage but without obstruction","Condition","SNOMED","Disorder","S","35560008","athena"
"239",4150681,4027663,"Chronic gastric ulcer with perforation","Condition","SNOMED","Disorder","S","31301004","athena"
"240",4163865,4027663,"Acute peptic ulcer without hemorrhage AND without perforation","Condition","SNOMED","Disorder","S","45485004","athena"
"241",4164920,4027663,"Chronic gastrojejunal ulcer with hemorrhage and perforation","Condition","SNOMED","Disorder","S","45640006","athena"
"242",4164920,192671,"Chronic gastrojejunal ulcer with hemorrhage and perforation","Condition","SNOMED","Disorder","S","45640006","athena"
"243",4169394,192671,"Peptic ulcer with hemorrhage but without obstruction","Condition","SNOMED","Disorder","S","48658001","athena"
"244",4169394,4027663,"Peptic ulcer with hemorrhage but without obstruction","Condition","SNOMED","Disorder","S","48658001","athena"
"245",4169592,192671,"Acute gastric ulcer with hemorrhage and perforation","Condition","SNOMED","Disorder","S","48974009","athena"
"246",4169592,4027663,"Acute gastric ulcer with hemorrhage and perforation","Condition","SNOMED","Disorder","S","48974009","athena"
"247",4172869,4027663,"Peptic ulcer of newborn","Condition","SNOMED","Disorder","S","276525003","athena"
"248",4173032,192671,"Anal margin hematoma","Condition","SNOMED","Disorder","S","276465001","athena"
"249",4173408,4027663,"Chronic duodenal ulcer with perforation","Condition","SNOMED","Disorder","S","49916007","athena"
"250",4174044,192671,"Chronic peptic ulcer with hemorrhage","Condition","SNOMED","Disorder","S","49232000","athena"
"251",4174044,4027663,"Chronic peptic ulcer with hemorrhage","Condition","SNOMED","Disorder","S","49232000","athena"
"252",4174823,4027663,"Peptic ulcer with perforation AND obstruction","Condition","SNOMED","Disorder","S","48336009","athena"
"253",4175673,4027663,"Gastrojejunal ulcer with hemorrhage AND obstruction","Condition","SNOMED","Disorder","S","42698006","athena"
"254",4175673,192671,"Gastrojejunal ulcer with hemorrhage AND obstruction","Condition","SNOMED","Disorder","S","42698006","athena"
"255",4177387,4027663,"Chronic gastrojejunal ulcer without hemorrhage AND without perforation","Condition","SNOMED","Disorder","S","4269005","athena"
"256",4179773,4027663,"Gastrojejunal ulcer with hemorrhage but without obstruction","Condition","SNOMED","Disorder","S","50663005","athena"
"257",4179773,192671,"Gastrojejunal ulcer with hemorrhage but without obstruction","Condition","SNOMED","Disorder","S","50663005","athena"
"258",4182589,4027663,"Childhood duodenal ulcer","Condition","SNOMED","Disorder","S","43035002","athena"
"259",4183005,192671,"Gastrojejunal ulcer with hemorrhage, with perforation and with obstruction","Condition","SNOMED","Disorder","S","54798007","athena"
"260",4183005,4027663,"Gastrojejunal ulcer with hemorrhage, with perforation and with obstruction","Condition","SNOMED","Disorder","S","54798007","athena"
"261",4185784,192671,"Hemorrhagic mucosa of stomach","Condition","SNOMED","Disorder","S","414391001","athena"
"262",4188154,192671,"Hemorrhagic mucosa of duodenum","Condition","SNOMED","Disorder","S","414390000","athena"
"263",4188456,4027663,"Stress ulcer of stomach","Condition","SNOMED","Disorder","S","415624002","athena"
"264",4189591,4027663,"Pyloric ulcer","Condition","SNOMED","Disorder","S","39204006","athena"
"265",4194177,4027663,"Familial hypergastrinemic duodenal ulcer","Condition","SNOMED","Disorder","S","6761005","athena"
"266",4194543,4027663,"Acute peptic ulcer with perforation","Condition","SNOMED","Disorder","S","79118000","athena"
"267",4195068,192671,"Chronic lower gastrointestinal hemorrhage","Condition","SNOMED","Disorder","S","68162000","athena"
"268",4195231,4027663,"Acute gastric ulcer without hemorrhage AND without perforation","Condition","SNOMED","Disorder","S","67964002","athena"
"269",4197099,4027663,"Combined gastric AND duodenal ulcer","Condition","SNOMED","Disorder","S","79806007","athena"
"270",4197598,4027663,"Multiple gastric ulcers","Condition","SNOMED","Disorder","S","313425006","athena"
"271",4198381,4027663,"Ulcer of duodenum","Condition","SNOMED","Disorder","S","51868009","athena"
"272",4198840,192671,"Bleeding hemorrhoids","Condition","SNOMED","Disorder","S","51551000","athena"
"273",4200399,4027663,"Zollinger-Ellison syndrome","Condition","SNOMED","Disorder","S","53132006","athena"
"274",4204041,192671,"Hematemesis - cause unknown","Condition","SNOMED","Disorder","S","308904008","athena"
"275",4204555,4027663,"Chronic peptic ulcer without hemorrhage AND without perforation","Condition","SNOMED","Disorder","S","5492000","athena"
"276",4205670,192671,"Bleeding stress ulcer of stomach","Condition","SNOMED","Disorder","S","308882008","athena"
"277",4205670,4027663,"Bleeding stress ulcer of stomach","Condition","SNOMED","Disorder","S","308882008","athena"
"278",4206315,4027663,"Chronic gastric ulcer with perforation AND with obstruction","Condition","SNOMED","Disorder","S","55483002","athena"
"279",4206466,192671,"Peptic ulcer with hemorrhage AND perforation","Condition","SNOMED","Disorder","S","55617001","athena"
"280",4206466,4027663,"Peptic ulcer with hemorrhage AND perforation","Condition","SNOMED","Disorder","S","55617001","athena"
"281",4206524,4027663,"Ulcerative esophagitis","Condition","SNOMED","Disorder","S","439955006","athena"
"282",4207217,192671,"Gastric ulcer with hemorrhage and obstruction","Condition","SNOMED","Disorder","S","53877005","athena"
"283",4207217,4027663,"Gastric ulcer with hemorrhage and obstruction","Condition","SNOMED","Disorder","S","53877005","athena"
"284",4209746,4027663,"Duodenal ulcer without hemorrhage AND without perforation","Condition","SNOMED","Disorder","S","56776001","athena"
"285",4211001,192671,"Chronic gastric ulcer with hemorrhage","Condition","SNOMED","Disorder","S","57246001","athena"
"286",4211001,4027663,"Chronic gastric ulcer with hemorrhage","Condition","SNOMED","Disorder","S","57246001","athena"
"287",4214461,4027663,"Acute erosion of duodenum","Condition","SNOMED","Disorder","S","39344002","athena"
"288",4215084,4027663,"Stress ulcer","Condition","SNOMED","Disorder","S","415623008","athena"
"289",4216673,192671,"Hemorrhagic colitis","Condition","SNOMED","Disorder","S","81318004","athena"
"290",4217281,4027663,"Curling's ulcers","Condition","SNOMED","Disorder","S","39755000","athena"
"291",4217947,4027663,"Acute gastrojejunal ulcer with hemorrhage and perforation","Condition","SNOMED","Disorder","S","81387001","athena"
"292",4217947,192671,"Acute gastrojejunal ulcer with hemorrhage and perforation","Condition","SNOMED","Disorder","S","81387001","athena"
"293",4222477,4027663,"Gastrojejunal ulcer with hemorrhage","Condition","SNOMED","Disorder","S","84124004","athena"
"294",4222477,192671,"Gastrojejunal ulcer with hemorrhage","Condition","SNOMED","Disorder","S","84124004","athena"
"295",4222896,4027663,"Chronic duodenal ulcer without hemorrhage AND without perforation","Condition","SNOMED","Disorder","S","40214005","athena"
"296",4223226,4027663,"Gastric ulcer with perforation but without obstruction","Condition","SNOMED","Disorder","S","84038009","athena"
"297",4229422,4027663,"Fungal ulcer of esophagus","Condition","SNOMED","Disorder","S","88700009","athena"
"298",4229614,4027663,"Duodenal ulcer with perforation","Condition","SNOMED","Disorder","S","88968005","athena"
"299",4231067,4027663,"Erosive esophagitis","Condition","SNOMED","Disorder","S","40719004","athena"
"300",4231580,192671,"Acute gastric ulcer with hemorrhage","Condition","SNOMED","Disorder","S","89748001","athena"
"301",4231580,4027663,"Acute gastric ulcer with hemorrhage","Condition","SNOMED","Disorder","S","89748001","athena"
"302",4232181,4027663,"Chronic duodenal ulcer with hemorrhage","Condition","SNOMED","Disorder","S","89469000","athena"
"303",4232181,192671,"Chronic duodenal ulcer with hemorrhage","Condition","SNOMED","Disorder","S","89469000","athena"
"304",4232237,192671,"Esophageal bleeding due to ulcerative esophagitis","Condition","SNOMED","Disorder","S","439442003","athena"
"305",4232767,4027663,"Helicobacter-associated pyloric ulcer","Condition","SNOMED","Disorder","S","89662003","athena"
"306",4235740,192671,"Peptic ulcer with hemorrhage AND with perforation but without obstruction","Condition","SNOMED","Disorder","S","90489006","athena"
"307",4235740,4027663,"Peptic ulcer with hemorrhage AND with perforation but without obstruction","Condition","SNOMED","Disorder","S","90489006","athena"
"308",4244406,4027663,"Chronic gastrojejunal ulcer with hemorrhage but without perforation","Condition","SNOMED","Disorder","S","59356009","athena"
"309",4244406,192671,"Chronic gastrojejunal ulcer with hemorrhage but without perforation","Condition","SNOMED","Disorder","S","59356009","athena"
"310",4245614,192671,"Bleeding from anus","Condition","SNOMED","Disorder","S","6072007","athena"
"311",4246979,192671,"Coffee ground vomiting","Condition","SNOMED","Disorder","S","40835002","athena"
"312",4247008,192671,"Chronic peptic ulcer with hemorrhage AND perforation","Condition","SNOMED","Disorder","S","61300005","athena"
"313",4247008,4027663,"Chronic peptic ulcer with hemorrhage AND perforation","Condition","SNOMED","Disorder","S","61300005","athena"
"314",4248429,4027663,"Gastric ulcer without hemorrhage AND without perforation","Condition","SNOMED","Disorder","S","73481001","athena"
"315",4260059,192671,"Hemorrhagic gastroenteritis","Condition","SNOMED","Disorder","S","409506009","athena"
"316",4264487,192671,"Hemorrhagic esophagitis","Condition","SNOMED","Disorder","S","60698006","athena"
"317",4265479,4027663,"Acute duodenal ulcer with perforation","Condition","SNOMED","Disorder","S","61347001","athena"
"318",4265600,4027663,"Gastric ulcer","Condition","SNOMED","Disorder","S","397825006","athena"
"319",4266523,192671,"Gastric ulcer with hemorrhage and perforation","Condition","SNOMED","Disorder","S","62366003","athena"
"320",4266523,4027663,"Gastric ulcer with hemorrhage and perforation","Condition","SNOMED","Disorder","S","62366003","athena"
"321",4267306,4027663,"Ulcer of esophagus caused by ingestion of corrosive chemical","Condition","SNOMED","Disorder","S","62465000","athena"
"322",4271442,4027663,"Chronic erosive gastritis","Condition","SNOMED","Disorder","S","63137003","athena"
"323",4271696,192671,"Peptic ulcer with hemorrhage","Condition","SNOMED","Disorder","S","64121000","athena"
"324",4271696,4027663,"Peptic ulcer with hemorrhage","Condition","SNOMED","Disorder","S","64121000","athena"
"325",4273101,192671,"Peptic ulcer with hemorrhage AND obstruction","Condition","SNOMED","Disorder","S","64398008","athena"
"326",4273101,4027663,"Peptic ulcer with hemorrhage AND obstruction","Condition","SNOMED","Disorder","S","64398008","athena"
"327",4273255,4027663,"Ulcer of esophagus caused by ingestion of medicine","Condition","SNOMED","Disorder","S","64595005","athena"
"328",4273874,192671,"Gastrojejunal ulcer with hemorrhage AND perforation","Condition","SNOMED","Disorder","S","64094003","athena"
"329",4273874,4027663,"Gastrojejunal ulcer with hemorrhage AND perforation","Condition","SNOMED","Disorder","S","64094003","athena"
"330",4274491,4027663,"Acute gastrojejunal ulcer with hemorrhage","Condition","SNOMED","Disorder","S","63954007","athena"
"331",4274491,192671,"Acute gastrojejunal ulcer with hemorrhage","Condition","SNOMED","Disorder","S","63954007","athena"
"332",4280942,4027663,"Acute gastrojejunal ulcer with perforation","Condition","SNOMED","Disorder","S","66636001","athena"
"333",4285720,4027663,"Giant duodenal ulcer","Condition","SNOMED","Disorder","S","68834009","athena"
"334",4289830,192671,"Chronic duodenal ulcer with hemorrhage AND perforation","Condition","SNOMED","Disorder","S","36975000","athena"
"335",4289830,4027663,"Chronic duodenal ulcer with hemorrhage AND perforation","Condition","SNOMED","Disorder","S","36975000","athena"
"336",4291028,4027663,"Peptic ulcer without hemorrhage AND without perforation","Condition","SNOMED","Disorder","S","37442009","athena"
"337",4291649,192671,"Upper gastrointestinal bleeding","Condition","SNOMED","Disorder","S","37372002","athena"
"338",4294973,192671,"Chronic gastric ulcer with hemorrhage and with perforation","Condition","SNOMED","Disorder","S","76181002","athena"
"339",4294973,4027663,"Chronic gastric ulcer with hemorrhage and with perforation","Condition","SNOMED","Disorder","S","76181002","athena"
"340",4295428,192671,"Bleeding internal hemorrhoids","Condition","SNOMED","Disorder","S","75884004","athena"
"341",4296319,4027663,"Normopepsinogenemic familial duodenal ulcer","Condition","SNOMED","Disorder","S","76338009","athena"
"342",4296611,4027663,"Chronic gastric ulcer without hemorrhage AND without perforation","Condition","SNOMED","Disorder","S","76796008","athena"
"343",4298227,4027663,"Duodenal ulcer with perforation AND obstruction","Condition","SNOMED","Disorder","S","77410006","athena"
"344",4299937,4027663,"Postpyloric ulcer","Condition","SNOMED","Disorder","S","78054007","athena"
"345",4307661,192671,"Chronic gastrointestinal hemorrhage","Condition","SNOMED","Disorder","S","83628005","athena"
"346",4308202,192671,"Acute upper gastrointestinal hemorrhage","Condition","SNOMED","Disorder","S","38938002","athena"
"347",4310668,192671,"Acute lower gastrointestinal hemorrhage","Condition","SNOMED","Disorder","S","85521005","athena"
"348",4315039,4027663,"Duodenal ulcer with perforation but without obstruction","Condition","SNOMED","Disorder","S","86983005","athena"
"349",4318534,4027663,"Chronic gastric ulcer","Condition","SNOMED","Disorder","S","95530000","athena"
"350",4318535,192671,"Duodenal hemorrhage","Condition","SNOMED","Disorder","S","95533003","athena"
"351",4318829,192671,"Ileal hemorrhage","Condition","SNOMED","Disorder","S","95535005","athena"
"352",4319441,4027663,"Acute gastric ulcer","Condition","SNOMED","Disorder","S","95529005","athena"
"353",4320492,192671,"Acute hemorrhagic colitis caused by Escherichia coli","Condition","SNOMED","Disorder","S","69810009","athena"
"354",4321586,4027663,"Gastric ulcer with perforation","Condition","SNOMED","Disorder","S","9829001","athena"
"355",4322061,192671,"Hemorrhagic proctitis","Condition","SNOMED","Disorder","S","981008","athena"
"356",4331322,4027663,"Prepyloric ulcer","Condition","SNOMED","Disorder","S","22620000","athena"
"357",4332645,192671,"Upper gastrointestinal hemorrhage associated with hypercoagulability state","Condition","SNOMED","Disorder","S","430349003","athena"
"358",4336230,4027663,"Acute duodenal ulcer with hemorrhage AND perforation","Condition","SNOMED","Disorder","S","86895006","athena"
"359",4336230,192671,"Acute duodenal ulcer with hemorrhage AND perforation","Condition","SNOMED","Disorder","S","86895006","athena"
"360",4336971,4027663,"Gastrojejunal ulcer with hemorrhage and with perforation but without obstruction","Condition","SNOMED","Disorder","S","87796008","athena"
"361",4336971,192671,"Gastrojejunal ulcer with hemorrhage and with perforation but without obstruction","Condition","SNOMED","Disorder","S","87796008","athena"
"362",4338225,4027663,"Peptic ulcer with perforation","Condition","SNOMED","Disorder","S","88169003","athena"
"363",4338544,192671,"Lower gastrointestinal hemorrhage","Condition","SNOMED","Disorder","S","87763006","athena"
"364",4340115,4027663,"Bacterial ulcer of esophagus","Condition","SNOMED","Disorder","S","235610009","athena"
"365",4340230,4027663,"Duodenal erosion","Condition","SNOMED","Disorder","S","235692002","athena"
"366",4340509,192671,"Acute hemorrhagic enterocolitis","Condition","SNOMED","Disorder","S","236016008","athena"
"367",4340663,4027663,"Stress ulceration of esophagus","Condition","SNOMED","Disorder","S","235614000","athena"
"368",4340787,4027663,"Healed gastric ulcer","Condition","SNOMED","Disorder","S","235702004","athena"
"369",4341227,4027663,"Infective ulcer of esophagus","Condition","SNOMED","Disorder","S","235609004","athena"
"370",4341228,4027663,"Viral ulcer of esophagus","Condition","SNOMED","Disorder","S","235611008","athena"
"371",4341233,4027663,"Acute drug-induced ulcer of stomach","Condition","SNOMED","Disorder","S","235648004","athena"
"372",4341234,4027663,"Gastric erosion","Condition","SNOMED","Disorder","S","235651006","athena"
"373",4341235,4027663,"Multiple gastric erosions","Condition","SNOMED","Disorder","S","235652004","athena"
"374",4341240,4027663,"Cushing ulcer of duodenum","Condition","SNOMED","Disorder","S","235689001","athena"
"375",4341252,192671,"Esophageal anastomotic hemorrhage","Condition","SNOMED","Disorder","S","236093004","athena"
"376",4341253,192671,"Small intestine anastomotic hemorrhage","Condition","SNOMED","Disorder","S","236096007","athena"
"377",4341790,192671,"Large intestine anastomotic hemorrhage","Condition","SNOMED","Disorder","S","236097003","athena"
"378",4342628,4027663,"Eosinophilic ulcer of esophagus","Condition","SNOMED","Disorder","S","235608007","athena"
"379",4342629,4027663,"Protozoal ulcer of esophagus","Condition","SNOMED","Disorder","S","235612001","athena"
"380",4342630,4027663,"Ulcer of esophagus caused by radiation","Condition","SNOMED","Disorder","S","235613006","athena"
"381",4342642,4027663,"Chronic drug-induced ulcer of stomach","Condition","SNOMED","Disorder","S","235650007","athena"
"382",4342649,4027663,"Stress ulcer of duodenum","Condition","SNOMED","Disorder","S","235688009","athena"
"383",4342650,4027663,"Curling's ulcer of duodenum","Condition","SNOMED","Disorder","S","235690005","athena"
"384",4342904,192671,"Gastrointestinal anastomotic hemorrhage","Condition","SNOMED","Disorder","S","236092009","athena"
"385",4342905,192671,"Gastric anastomotic hemorrhage","Condition","SNOMED","Disorder","S","236094005","athena"
"386",4342987,192671,"Duodenal anastomotic hemorrhage","Condition","SNOMED","Disorder","S","236095006","athena"
"387",36683388,4027663,"Curling's ulcer of stomach","Condition","SNOMED","Disorder","S","781203005","athena"
"388",36684448,192671,"Gastritis with upper gastrointestinal hemorrhage","Condition","SNOMED","Disorder","S","97801000119102","athena"
"389",36685122,192671,"Diverticulosis of sigmoid colon with hemorrhage","Condition","SNOMED","Disorder","S","1086591000119107","athena"
"390",36713503,4027663,"Peptic anastomotic ulcer","Condition","SNOMED","Disorder","S","717863000","athena"
"391",36713507,192671,"Intramural hemorrhage of stomach","Condition","SNOMED","Disorder","S","717868009","athena"
"392",36713516,4027663,"Eosinophilic duodenal ulcer","Condition","SNOMED","Disorder","S","717878007","athena"
"393",36713517,4027663,"Lymphocytic duodenal ulcer","Condition","SNOMED","Disorder","S","717879004","athena"
"394",36713527,4027663,"Gastric ulcer due to Zollinger-Ellison syndrome","Condition","SNOMED","Disorder","S","717891008","athena"
"395",36715487,192671,"Intramural hemorrhage of esophagus","Condition","SNOMED","Disorder","S","721179009","athena"
"396",36716253,4027663,"Duodenal ulcer caused by non-steroidal anti-inflammatory drug","Condition","SNOMED","Disorder","S","722200003","athena"
"397",36716875,4027663,"Gastric ulcer caused by bacterium","Condition","SNOMED","Disorder","S","723099007","athena"
"398",36716876,4027663,"Gastric ulcer caused by virus","Condition","SNOMED","Disorder","S","723100004","athena"
"399",36716877,4027663,"Gastric ulcer due to parasitic infection","Condition","SNOMED","Disorder","S","723102007","athena"
"400",36716878,4027663,"Gastric ulcer caused by alcohol","Condition","SNOMED","Disorder","S","723103002","athena"
"401",36716879,4027663,"Gastric ulcer caused by ionizing radiation","Condition","SNOMED","Disorder","S","723104008","athena"
"402",36716880,4027663,"Gastric ulcer caused by chemical","Condition","SNOMED","Disorder","S","723105009","athena"
"403",36717237,192671,"Obscure gastrointestinal hemorrhage","Condition","SNOMED","Disorder","S","722886001","athena"
"404",36717494,192671,"Acute hemorrhagic ulcer of rectum","Condition","SNOMED","Disorder","S","721690003","athena"
"405",36717606,4027663,"Gastric ulcer caused by fungus","Condition","SNOMED","Disorder","S","723101000","athena"
"406",36717644,192671,"Intramural hemorrhage of duodenum","Condition","SNOMED","Disorder","S","717882009","athena"
"407",36717645,4027663,"Duodenal ulcer due to Zollinger-Ellison syndrome","Condition","SNOMED","Disorder","S","717892001","athena"
"408",37017373,4027663,"Gastric ulcer caused by drug","Condition","SNOMED","Disorder","S","713638002","athena"
"409",37017911,192671,"Jejunal anastomotic hemorrhage","Condition","SNOMED","Disorder","S","714278008","athena"
"410",37109016,192671,"Neonatal gastrointestinal hemorrhage","Condition","SNOMED","Disorder","S","16055151000119105","athena"
"411",37110304,4027663,"Ulcer of esophagus caused by thermal agent","Condition","SNOMED","Disorder","S","724516001","athena"
"412",37110306,4027663,"Gastric ulcer caused by Helicobacter pylori and non-steroidal anti-inflammatory agent","Condition","SNOMED","Disorder","S","724519008","athena"
"413",37110307,4027663,"Ulcer of stomach due to eosinophilic gastritis","Condition","SNOMED","Disorder","S","724520002","athena"
"414",37110308,4027663,"Anastomotic ulcer of stomach caused by Helicobacter pylori","Condition","SNOMED","Disorder","S","724522005","athena"
"415",37110309,4027663,"Anastomotic ulcer of stomach caused by drug","Condition","SNOMED","Disorder","S","724523000","athena"
"416",37110314,4027663,"Duodenal ulcer caused by Helicobacter pylori","Condition","SNOMED","Disorder","S","724528009","athena"
"417",37110315,4027663,"Duodenal ulcer caused by drug","Condition","SNOMED","Disorder","S","724529001","athena"
"418",37110316,4027663,"Duodenal ulcer caused by Helicobacter pylori and non-steroidal anti-inflammatory agent","Condition","SNOMED","Disorder","S","724530006","athena"
"419",37110317,4027663,"Ulcer of duodenum caused by chemical","Condition","SNOMED","Disorder","S","724532003","athena"
"420",37110318,4027663,"Duodenal ulcer caused by virus","Condition","SNOMED","Disorder","S","724533008","athena"
"421",37110319,4027663,"Duodenal ulcer caused by fungus","Condition","SNOMED","Disorder","S","724534002","athena"
"422",37116438,4027663,"Parasitic infection causing ulcer of esophagus","Condition","SNOMED","Disorder","S","733147004","athena"
"423",37117176,4027663,"Duodenal ulcer caused by bacterium","Condition","SNOMED","Disorder","S","723884008","athena"
"424",37117196,4027663,"Ulcer of duodenum caused by ionizing radiation","Condition","SNOMED","Disorder","S","724531005","athena"
"425",37119136,4027663,"Ulcer of stomach due to lymphocytic gastritis","Condition","SNOMED","Disorder","S","724521003","athena"
"426",37159581,4027663,"Acute gastric ulcer caused by Cytomegalovirus","Condition","SNOMED","Disorder","S","500790491000119109","athena"
"427",37160869,192671,"Prepyloric ulcer with hemorrhage","Condition","SNOMED","Disorder","S","1163589006","athena"
"428",37160869,4027663,"Prepyloric ulcer with hemorrhage","Condition","SNOMED","Disorder","S","1163589006","athena"
"429",37161060,192671,"Hemorrhage of colon due to angiodysplasia of colon","Condition","SNOMED","Disorder","S","1173099009","athena"
"430",37161168,4027663,"Parasitic duodenal ulcer","Condition","SNOMED","Disorder","S","1177073003","athena"
"431",37162845,4027663,"Duodenal ulcer due to vasculitis","Condition","SNOMED","Disorder","S","1197685001","athena"
"432",37162848,4027663,"Duodenal ulcer due to IgA (immunoglobulin A) vasculitis","Condition","SNOMED","Disorder","S","1197688004","athena"
"433",37162849,4027663,"Duodenal ulcer due to sarcoidosis","Condition","SNOMED","Disorder","S","1197690003","athena"
"434",37162850,4027663,"Duodenal ulcer due to celiac disease","Condition","SNOMED","Disorder","S","1197691004","athena"
"435",37162851,4027663,"Duodenal ulcer due to Crohn disease","Condition","SNOMED","Disorder","S","1197692006","athena"
"436",37162866,4027663,"Gastric ulcer due to vasculitis","Condition","SNOMED","Disorder","S","1197708008","athena"
"437",37162871,4027663,"Gastric ulcer due to Crohn disease","Condition","SNOMED","Disorder","S","1197714001","athena"
"438",37162881,4027663,"Duodenal ulcer caused by alcohol","Condition","SNOMED","Disorder","S","1197724009","athena"
"439",37162897,192671,"Hemorrhage of large intestine due to diverticulitis","Condition","SNOMED","Disorder","S","1197741006","athena"
"440",37162899,192671,"Hemorrhage of lower esophagus due to erosive gastro-esophageal reflux disease","Condition","SNOMED","Disorder","S","1197743009","athena"
"441",37162914,4027663,"Gastric ulcer due to sarcoidosis","Condition","SNOMED","Disorder","S","1197771003","athena"
"442",37163132,192671,"Gastrointestinal hemorrhage with sepsis","Condition","SNOMED","Disorder","S","1204464003","athena"
"443",37170118,4027663,"Chronic pyloric ulcer caused by Helicobacter pylori","Condition","SNOMED","Disorder","S","221899751000119107","athena"
"444",37174133,4027663,"Acute pyloric ulcer caused by Helicobacter pylori","Condition","SNOMED","Disorder","S","683509791000119109","athena"
"445",37174298,192671,"Hemorrhage of ileostomy stoma","Condition","SNOMED","Disorder","S","805616441000119104","athena"
"446",37174341,4027663,"Chronic gastric erosion","Condition","SNOMED","Disorder","S","956321981000119108","athena"
"447",37175235,4027663,"Chronic gastric ulcer caused by Helicobacter pylori","Condition","SNOMED","Disorder","S","96720031000119104","athena"
"448",37203820,4027663,"Tremor, nystagmus, duodenal ulcer syndrome","Condition","SNOMED","Disorder","S","782935003","athena"
"449",37203956,4027663,"Peptic ulcer with obstruction","Condition","SNOMED","Disorder","S","786068005","athena"
"450",40481540,4027663,"Acute erosive gastritis","Condition","SNOMED","Disorder","S","444926003","athena"
"451",40482450,192671,"Bleeding Meckel's diverticulitis","Condition","SNOMED","Disorder","S","445162006","athena"
"452",40482451,192671,"Bleeding Meckel's diverticulum","Condition","SNOMED","Disorder","S","445163001","athena"
"453",42536736,192671,"Diverticulum and hemorrhage of small intestine","Condition","SNOMED","Disorder","S","735727004","athena"
"454",42536738,192671,"Diverticulum and hemorrhage of large intestine","Condition","SNOMED","Disorder","S","735729001","athena"
"455",42537661,4027663,"Ulcer of esophagus due to allergic disorder","Condition","SNOMED","Disorder","S","737189006","athena"
"456",42537662,4027663,"Ulcer of esophagus due to disorder of immune system","Condition","SNOMED","Disorder","S","737190002","athena"
"457",42538071,4027663,"Cushing ulcer of stomach","Condition","SNOMED","Disorder","S","738791006","athena"
"458",42538072,4027663,"Cushing ulcer of esophagus","Condition","SNOMED","Disorder","S","738792004","athena"
"459",42538546,4027663,"Infection causing ulcer of stomach","Condition","SNOMED","Disorder","S","762274007","athena"
"460",42538548,4027663,"Ulcer of duodenum due to infection","Condition","SNOMED","Disorder","S","762276009","athena"
"461",44784282,192671,"Chronic antral gastritis with hemorrhage","Condition","SNOMED","Disorder","S","698352000","athena"
"462",44791257,4027663,"Non-steroidal anti-inflammatory drug induced gastric ulcer","Condition","SNOMED","Disorder","S","248891000000103","athena"
"463",44808499,4027663,"Gastric ulcer with obstruction","Condition","SNOMED","Disorder","S","849591000000103","athena"
"464",44808500,4027663,"Duodenal ulcer with obstruction","Condition","SNOMED","Disorder","S","849601000000109","athena"
"465",44808503,4027663,"Gastrojejunal ulcer with obstruction","Condition","SNOMED","Disorder","S","849621000000100","athena"
"466",45757062,4027663,"Gastric ulcer caused by Helicobacter pylori","Condition","SNOMED","Disorder","S","103691000119106","athena"
"467",45757242,4027663,"Erosive gastritis","Condition","SNOMED","Disorder","S","1086791000119100","athena"
"468",45757397,4027663,"Gastric ulcer caused by non-steroidal anti-inflammatory drug in therapeutic use","Condition","SNOMED","Disorder","S","129141000119104","athena"
"469",45757543,192671,"Hemorrhage of colon due to diverticulosis","Condition","SNOMED","Disorder","S","190191000119107","athena"
"470",45757570,4027663,"Gastric hemorrhage due to idiopathic erosive gastritis","Condition","SNOMED","Disorder","S","218541000119109","athena"
"471",45757570,192671,"Gastric hemorrhage due to idiopathic erosive gastritis","Condition","SNOMED","Disorder","S","218541000119109","athena"
"472",45757654,192671,"Intestinal hemorrhage due to angiodysplasia of intestine","Condition","SNOMED","Disorder","S","29731000119103","athena"
"473",45757783,192671,"Gastric hemorrhage due to alcoholic gastritis","Condition","SNOMED","Disorder","S","40241000119109","athena"
"474",45763550,4027663,"Antral ulcer","Condition","SNOMED","Disorder","S","4911000119101","athena"
"475",45768629,192671,"Gastric hemorrhage due to erosive gastritis","Condition","SNOMED","Disorder","S","7071000119102","athena"
"476",46269819,192671,"Gastric hemorrhage due to allergic gastritis","Condition","SNOMED","Disorder","S","1082631000119106","athena"
"477",46269821,192671,"Duodenal hemorrhage due to angiodysplasia of duodenum","Condition","SNOMED","Disorder","S","1082701000119105","athena"
"478",46269822,192671,"Gastric hemorrhage due to angiodysplasia of stomach","Condition","SNOMED","Disorder","S","1082711000119108","athena"
"479",46269837,192671,"Gastric hemorrhage due to chronic superficial gastritis","Condition","SNOMED","Disorder","S","1085121000119107","athena"
"480",46269841,192671,"Rectal hemorrhage due to chronic ulcerative pancolitis","Condition","SNOMED","Disorder","S","1085171000119108","athena"
"481",46269847,192671,"Rectal hemorrhage due to chronic ulcerative proctitis","Condition","SNOMED","Disorder","S","1085221000119103","athena"
"482",46269851,192671,"Rectal hemorrhage due to chronic ulcerative rectosigmoiditis","Condition","SNOMED","Disorder","S","1085271000119102","athena"
"483",46269863,192671,"Rectal hemorrhage due to inflammatory polyps of colon","Condition","SNOMED","Disorder","S","1085431000119101","athena"
"484",46269877,192671,"Rectal hemorrhage due to Crohn's disease of large intestine","Condition","SNOMED","Disorder","S","1085791000119105","athena"
"485",46269882,192671,"Rectal hemorrhage due to Crohn's disease of small and large intestines","Condition","SNOMED","Disorder","S","1085841000119108","athena"
"486",46269887,192671,"Rectal hemorrhage due to Crohn's disease of small intestine","Condition","SNOMED","Disorder","S","1085891000119100","athena"
"487",46269891,192671,"Rectal hemorrhage due to Crohn's disease","Condition","SNOMED","Disorder","S","1085941000119104","athena"
"488",46269892,192671,"Duodenal hemorrhage due to Dieulafoy lesion of duodenum","Condition","SNOMED","Disorder","S","1086031000119101","athena"
"489",46269893,192671,"Gastric hemorrhage due to Dieulafoy lesion of stomach","Condition","SNOMED","Disorder","S","1086041000119105","athena"
"490",46269901,192671,"Hemorrhage of small intestine due to diverticulitis","Condition","SNOMED","Disorder","S","1086461000119101","athena"
"491",46269902,192671,"Perforation of small intestine co-occurrent with hemorrhage due to diverticulitis","Condition","SNOMED","Disorder","S","1086481000119105","athena"
"492",46269904,192671,"Hemorrhage with diverticulosis of duodenum","Condition","SNOMED","Disorder","S","1086561000119100","athena"
"493",46269905,192671,"Hemorrhage with diverticulosis of ileum","Condition","SNOMED","Disorder","S","1086571000119106","athena"
"494",46269906,192671,"Hemorrhage of jejunum with diverticulosis","Condition","SNOMED","Disorder","S","1086581000119109","athena"
"495",46269907,192671,"Intestinal hemorrhage with diverticulosis","Condition","SNOMED","Disorder","S","1086601000119100","athena"
"496",46269908,192671,"Gastric hemorrhage due to vascular ectasia of gastric antrum","Condition","SNOMED","Disorder","S","1086951000119108","athena"
"497",46269910,192671,"Gastric hemorrhage caused by Helicobacter pylori","Condition","SNOMED","Disorder","S","1087081000119102","athena"
"498",46269911,192671,"Gastric hemorrhage due to hypertrophic gastritis","Condition","SNOMED","Disorder","S","1087161000119105","athena"
"499",46269912,192671,"Gastric hemorrhage due to irritant gastritis","Condition","SNOMED","Disorder","S","1087811000119103","athena"
"500",46269935,192671,"Gastric hemorrhage due to pyloric gastritis","Condition","SNOMED","Disorder","S","1090361000119108","athena"
"501",46269953,192671,"Gastric hemorrhage due to viral gastritis","Condition","SNOMED","Disorder","S","1092941000119109","athena"
"502",46270025,192671,"Gastric hemorrhage due to eosinophilic gastritis","Condition","SNOMED","Disorder","S","123411000119106","athena"
"503",46270145,192671,"Gastric hemorrhage due to atrophic gastritis","Condition","SNOMED","Disorder","S","150721000119102","athena"
"504",46270529,192671,"Hemorrhage of small intestine with diverticulosis","Condition","SNOMED","Disorder","S","40271000119102","athena"
"505",46271323,192671,"Postoperative hemorrhage of anus","Condition","SNOMED","Disorder","S","709424004","athena"
"506",46272978,192671,"Hemorrhage of cecum","Condition","SNOMED","Disorder","S","711441008","athena"
"507",46273182,192671,"Hemorrhage of jejunum","Condition","SNOMED","Disorder","S","712509002","athena"
"508",46273183,192671,"Intestinal hemorrhage","Condition","SNOMED","Disorder","S","712510007","athena"
"509",46273470,192671,"Hemorrhage of cecum due to diverticulosis","Condition","SNOMED","Disorder","S","1086551000119102","athena"
"510",46273478,192671,"Rectal hemorrhage due to ulcerative colitis","Condition","SNOMED","Disorder","S","1092881000119105","athena"
"511",40492407,40492407,"Ulcer of anastomosis","Condition","SNOMED","Disorder","S","447408004","codelist"
"512",4261784,4261784,"Ulceration of colon","Condition","SNOMED","Disorder","S","46040000","codelist"
"513",4168036,4168036,"Proctocolitis","Condition","SNOMED","Disorder","S","418130002","codelist"
"514",37163134,37163134,"Gastrointestinal ulceration due to sepsis","Condition","SNOMED","Disorder","S","1204467005","codelist"
"515",81893,81893,"Ulcerative colitis","Condition","SNOMED","Disorder","S","64766004","codelist"
"516",4187900,4187900,"Exacerbation of ulcerative colitis","Condition","SNOMED","Disorder","S","414156000","codelist"
"517",195002,195002,"Ulceration of intestine","Condition","SNOMED","Disorder","S","85942002","codelist"
"518",444397,444397,"Ulcer of anus","Condition","SNOMED","Disorder","S","20928004","codelist"
"519",40479839,40479839,"Ulcerative pancolitis","Condition","SNOMED","Disorder","S","444548001","codelist"
"520",40482865,40482865,"Left sided ulcerative colitis","Condition","SNOMED","Disorder","S","445243001","codelist"
"521",75580,75580,"Chronic ulcerative proctitis","Condition","SNOMED","Disorder","S","52231000","codelist"
"522",76150,76150,"Ulcer of rectum","Condition","SNOMED","Disorder","S","54609002","codelist"
"523",77317,77317,"Chronic ulcerative rectosigmoiditis","Condition","SNOMED","Disorder","S","52506002","codelist"
"524",78799,78799,"Chronic ulcerative ileocolitis","Condition","SNOMED","Disorder","S","13470001","codelist"
"525",194077,194077,"Chronic ulcerative enterocolitis","Condition","SNOMED","Disorder","S","15342002","codelist"
"526",4029372,4029372,"Acute ulcerative colitis","Condition","SNOMED","Disorder","S","128600008","codelist"
"527",4031048,4031048,"Severe chronic ulcerative colitis","Condition","SNOMED","Disorder","S","14311001","codelist"
"528",4059658,4059658,"Ulcer of cecum","Condition","SNOMED","Disorder","S","16101002","codelist"
"529",4081259,4081259,"Classical histoplasmosis intestinal ulceration","Condition","SNOMED","Disorder","S","240736005","codelist"
"530",4086978,4086978,"Eosinophilic ulcerative colitis","Condition","SNOMED","Disorder","S","24829000","codelist"
"531",4096977,4096977,"Ulcer of rectal mucosa","Condition","SNOMED","Disorder","S","249603008","codelist"
"532",4183009,4183009,"Jejunal ulcer","Condition","SNOMED","Disorder","S","54822007","codelist"
"533",4184770,4184770,"Proximal colon ulcer","Condition","SNOMED","Disorder","S","55957000","codelist"
"534",4188221,4188221,"Dysenteric diarrhea","Condition","SNOMED","Disorder","S","46799006","codelist"
"535",4188591,4188591,"Ulcerated mucosa of colon","Condition","SNOMED","Disorder","S","415767003","codelist"
"536",4195878,4195878,"Sigmoid colon ulcer","Condition","SNOMED","Disorder","S","799008","codelist"
"537",4196699,4196699,"Ileal ulcer","Condition","SNOMED","Disorder","S","50565005","codelist"
"538",4231748,4231748,"Idiopathic diffuse ulcerative nongranulomatous enteritis of intestine","Condition","SNOMED","Disorder","S","359656003","codelist"
"539",4237822,4237822,"Stercoral ulcer of anus","Condition","SNOMED","Disorder","S","91105001","codelist"
"540",4259504,4259504,"Iritis with ulcerative colitis","Condition","SNOMED","Disorder","S","410484008","codelist"
"541",4262987,4262987,"Diffuse ulcerations of jejunum AND/OR ileum","Condition","SNOMED","Disorder","S","361142004","codelist"
"542",4263071,4263071,"Stercoral ulcer of rectum","Condition","SNOMED","Disorder","S","46495001","codelist"
"543",4263256,4263256,"Idiopathic multiple ulcers of small intestine","Condition","SNOMED","Disorder","S","361141006","codelist"
"544",4267871,4267871,"Celiac disease with diffuse intestinal ulceration","Condition","SNOMED","Disorder","S","61715008","codelist"
"545",4283223,4283223,"Nonspecific ulcerative proctitis","Condition","SNOMED","Disorder","S","67038005","codelist"
"546",4301738,4301738,"Mild chronic ulcerative colitis","Condition","SNOMED","Disorder","S","78324009","codelist"
"547",4302002,4302002,"Moderate chronic ulcerative colitis","Condition","SNOMED","Disorder","S","78712000","codelist"
"548",4340788,4340788,"Primary nonspecific ulceration of small intestine","Condition","SNOMED","Disorder","S","235713001","codelist"
"549",4340800,4340800,"Stercoral ulcer of large intestine","Condition","SNOMED","Disorder","S","235767007","codelist"
"550",4340801,4340801,"Traumatic ulcer of large intestine","Condition","SNOMED","Disorder","S","235768002","codelist"
"551",4341542,4341542,"Ulcerative jejunitis","Condition","SNOMED","Disorder","S","235712006","codelist"
"552",4342655,4342655,"Ulceration of small intestine","Condition","SNOMED","Disorder","S","235710003","codelist"
"553",4342656,4342656,"Ulcerative enterocolitis","Condition","SNOMED","Disorder","S","235714007","codelist"
"554",4342752,4342752,"Ulceration of large intestine","Condition","SNOMED","Disorder","S","235766003","codelist"
"555",36716506,36716506,"Non-infective ulceration of small intestine","Condition","SNOMED","Disorder","S","722534001","codelist"
"556",36716508,36716508,"Ulcer of small intestine caused by radiation","Condition","SNOMED","Disorder","S","722537008","codelist"
"557",36716509,36716509,"Traumatic ulcer of small intestine","Condition","SNOMED","Disorder","S","722538003","codelist"
"558",36716693,36716693,"Chronic non-specific multiple ulcers of small intestine","Condition","SNOMED","Disorder","S","722848005","codelist"
"559",36716694,36716694,"Cryptogenic multifocal ulcerous stenosing enteritis","Condition","SNOMED","Disorder","S","722849002","codelist"
"560",36716882,36716882,"Ulcer of small intestine caused by foreign body","Condition","SNOMED","Disorder","S","723107001","codelist"
"561",37017137,37017137,"Perforated ulcer of intestine","Condition","SNOMED","Disorder","S","713354008","codelist"
"562",37396763,37396763,"Solitary rectal ulcer syndrome","Condition","SNOMED","Disorder","S","716685003","codelist"
"563",40479837,40479837,"Chronic ulcerative colitis","Condition","SNOMED","Disorder","S","444546002","codelist"
"564",40481367,40481367,"Chronic left-sided ulcerative colitis","Condition","SNOMED","Disorder","S","441971007","codelist"
"565",40482241,40482241,"Chronic ulcerative pancolitis","Condition","SNOMED","Disorder","S","442159003","codelist"
"566",44783784,44783784,"Ulcerative colitis in remission","Condition","SNOMED","Disorder","S","697969008","codelist"
"567",46269838,46269838,"Abscess of intestine co-occurrent and due to chronic ulcerative pancolitis","Condition","SNOMED","Disorder","S","1085131000119105","codelist"
"568",46269842,46269842,"Abscess of intestine co-occurrent and due to chronic ulcerative proctitis","Condition","SNOMED","Disorder","S","1085181000119106","codelist"
"569",46269848,46269848,"Abscess of intestine co-occurrent and due to chronic ulcerative rectosigmoiditis","Condition","SNOMED","Disorder","S","1085231000119100","codelist"
"570",46269951,46269951,"Abscess of intestine co-occurrent and due to ulcerative colitis","Condition","SNOMED","Disorder","S","1092841000119100","codelist"
"571",4124305,4124305,"Duodenal ulcer excision","Procedure","SNOMED","Procedure","S","287828006","codelist"
"572",44789799,44789799,"Oversew of blood vessel of duodenal ulcer","Procedure","SNOMED","Procedure","S","226891000000104","codelist"
"573",4123756,4123756,"Closure of perforated stomach","Procedure","SNOMED","Procedure","S","235231001","codelist"
"574",4068164,4068164,"Duodenal ulcer operation","Procedure","SNOMED","Procedure","S","173887007","codelist"
"575",4139402,4139402,"Suture of gastric ulcer","Procedure","SNOMED","Procedure","S","307259004","codelist"
"576",4145877,4145877,"Closure of perforated bowel ulcer","Procedure","SNOMED","Procedure","S","307261008","codelist"
"577",4066636,4066636,"Closure of perforated duodenal ulcer","Procedure","SNOMED","Procedure","S","173889005","codelist"
"578",4069246,4069246,"Resection of gastric ulcer by cautery","Procedure","SNOMED","Procedure","S","173731008","codelist"
"579",4069259,4069259,"Gastrotomy and ligation of bleeding point of stomach","Procedure","SNOMED","Procedure","S","173778009","codelist"
"580",4069351,4069351,"Closure of perforated gastric ulcer","Procedure","SNOMED","Procedure","S","173842008","codelist"
"581",4070478,4070478,"Gastric ulcer operation","Procedure","SNOMED","Procedure","S","173841001","codelist"
"582",4121241,4121241,"Stomach ulcer excision","Procedure","SNOMED","Procedure","S","287832000","codelist"
"583",4123263,4123263,"Oversewing perforated gastric ulcer","Procedure","SNOMED","Procedure","S","235232008","codelist"
"584",4139403,4139403,"Suture of ulcer of duodenum","Procedure","SNOMED","Procedure","S","307260009","codelist"
"585",4141229,4141229,"Oversewing of bleeding gastric ulcer","Procedure","SNOMED","Procedure","S","307512007","codelist"
"586",4144180,4144180,"Repair of perforated pyloric ulcer","Procedure","SNOMED","Procedure","S","307556007","codelist"
"587",4144181,4144181,"Omental patch repair of perforated pyloric ulcer","Procedure","SNOMED","Procedure","S","307557003","codelist"
"588",4144797,4144797,"Laparoscopic closure of perforated gastric ulcer","Procedure","SNOMED","Procedure","S","307190008","codelist"
"589",4145097,4145097,"Under-running of bleeding duodenal ulcer","Procedure","SNOMED","Procedure","S","307511000","codelist"
"590",4146477,4146477,"Oversewing of bleeding duodenal ulcer","Procedure","SNOMED","Procedure","S","307510004","codelist"
"591",4147763,4147763,"Oversewing of perforated duodenal ulcer","Procedure","SNOMED","Procedure","S","35892001","codelist"
"592",4150196,4150196,"Ligation of gastric ulcer","Procedure","SNOMED","Procedure","S","31256001","codelist"
"593",4151589,4151589,"Endoscopic injection hemostasis of duodenal ulcer","Procedure","SNOMED","Procedure","S","314627002","codelist"
"594",4152547,4152547,"Endoscopic injection hemostasis of gastric ulcer","Procedure","SNOMED","Procedure","S","314629004","codelist"
"595",4200296,4200296,"Under-running of bleeding gastric ulcer","Procedure","SNOMED","Procedure","S","314632001","codelist"
"596",4230239,4230239,"Closure of ulcer of duodenum","Procedure","SNOMED","Procedure","S","359574001","codelist"
"597",4231180,4231180,"Oversewing of ulcer crater of stomach","Procedure","SNOMED","Procedure","S","360377004","codelist"
"598",4232839,4232839,"Gastrorrhaphy for perforated gastric ulcer","Procedure","SNOMED","Procedure","S","360372005","codelist"
"599",4307242,4307242,"Closure of stomach ulcer","Procedure","SNOMED","Procedure","S","8322005","codelist"
"600",40485318,40485318,"Incision of stomach and suture of bleeding gastric ulcer","Procedure","SNOMED","Procedure","S","442805003","codelist"
"601",44784361,44784361,"Patch repair of perforated duodenal ulcer","Procedure","SNOMED","Procedure","S","698496004","codelist"
"602",46270689,46270689,"Laparoscopic closure of stomach ulcer using patch","Procedure","SNOMED","Procedure","S","708644006","codelist"
"603",46270690,46270690,"Laparoscopic closure of duodenal ulcer using patch","Procedure","SNOMED","Procedure","S","708645007","codelist"
