"","descendant_concept_id","concept_name","domain_id","vocabulary_id","concept_class_id","standard_concept","concept_code","source"
"1",201254,"Type 1 diabetes mellitus","Condition","SNOMED","Disorder","S","46635009","codelist"
"2",201826,"Type 2 diabetes mellitus","Condition","SNOMED","Disorder","S","44054006","codelist"
"3",4047906,"Insulin dependent diabetes mellitus type 1A","Condition","SNOMED","Disorder","S","23045005","codelist"
"4",4063042,"Pre-existing type 1 diabetes mellitus","Condition","SNOMED","Disorder","S","199229001","codelist"
"5",4063043,"Pre-existing type 2 diabetes mellitus","Condition","SNOMED","Disorder","S","199230006","codelist"
"6",4099214,"Type 1 diabetes mellitus with ulcer","Condition","SNOMED","Disorder","S","190368000","codelist"
"7",4099215,"Type 1 diabetes mellitus maturity onset","Condition","SNOMED","Disorder","S","190372001","codelist"
"8",4099651,"Type 2 diabetes mellitus with ulcer","Condition","SNOMED","Disorder","S","190389009","codelist"
"9",4102018,"Insulin dependent diabetes mellitus type 1B","Condition","SNOMED","Disorder","S","28032008","codelist"
"10",4129519,"Pregnancy and type 2 diabetes mellitus","Condition","SNOMED","Disorder","S","237627000","codelist"
"11",4130162,"Insulin treated type 2 diabetes mellitus","Condition","SNOMED","Disorder","S","237599002","codelist"
"12",4130164,"Maturity onset diabetes of the young, type 2","Condition","SNOMED","Disorder","S","237604008","codelist"
"13",4145827,"Latent autoimmune diabetes mellitus in adult","Condition","SNOMED","Disorder","S","426875007","codelist"
"14",4193704,"Type 2 diabetes mellitus without complication","Condition","SNOMED","Disorder","S","313436004","codelist"
"15",4230254,"Type 2 diabetes mellitus in nonobese","Condition","SNOMED","Disorder","S","359642000","codelist"
"16",4304377,"Type 2 diabetes mellitus in obese","Condition","SNOMED","Disorder","S","81531005","codelist"
"17",36717215,"Intellectual disability, craniofacial dysmorphism, hypogonadism, diabetes mellitus syndrome","Condition","SNOMED","Disorder","S","722454003","codelist"
"18",40484649,"Well controlled type 1 diabetes mellitus","Condition","SNOMED","Disorder","S","444074000","codelist"
"19",40485020,"Well controlled type 2 diabetes mellitus","Condition","SNOMED","Disorder","S","444110003","codelist"
"20",43531008,"Pre-existing type 1 diabetes mellitus in pregnancy","Condition","SNOMED","Disorder","S","609564002","codelist"
"21",43531009,"Pregnancy and type 1 diabetes mellitus","Condition","SNOMED","Disorder","S","609566000","codelist"
"22",43531010,"Pre-existing type 2 diabetes mellitus in pregnancy","Condition","SNOMED","Disorder","S","609567009","codelist"
"23",43531597,"Disorder due to well controlled type 2 diabetes mellitus","Condition","SNOMED","Disorder","S","201000119106","codelist"
"24",45757474,"Diabetes mellitus type 2 without retinopathy","Condition","SNOMED","Disorder","S","1481000119100","codelist"
"25",45757508,"Type 2 diabetes mellitus controlled by diet","Condition","SNOMED","Disorder","S","164971000119101","codelist"
"26",45757674,"Diabetes mellitus type 1 without retinopathy","Condition","SNOMED","Disorder","S","31321000119102","codelist"
"27",45766051,"Type I diabetes mellitus in remission","Condition","SNOMED","Disorder","S","703137001","codelist"
"28",45766052,"Type II diabetes mellitus in remission","Condition","SNOMED","Disorder","S","703138006","codelist"
"29",4228112,"Hypoglycemic coma due to type 1 diabetes mellitus","Condition","SNOMED","Disorder","S","421437000","codelist"
"30",4228443,"Ketoacidotic coma due to type 2 diabetes mellitus","Condition","SNOMED","Disorder","S","421847006","codelist"
"31",4222687,"Persistent microalbuminuria due to type 1 diabetes mellitus","Condition","SNOMED","Disorder","S","421305000","codelist"
"32",37018728,"Gastroparesis due to type 2 diabetes mellitus","Condition","SNOMED","Disorder","S","713703005","codelist"
"33",37017429,"Gastroparesis due to type 1 diabetes mellitus","Condition","SNOMED","Disorder","S","713702000","codelist"
"34",37016768,"Autonomic neuropathy due to type 2 diabetes mellitus","Condition","SNOMED","Disorder","S","712883005","codelist"
"35",4321756,"Acanthosis nigricans due to type 2 diabetes mellitus","Condition","SNOMED","Disorder","S","9859006","codelist"
"36",4322901,"Dietary education for type 2 diabetes mellitus","Observation","SNOMED","Procedure","S","428274007","codelist"
"37",4324885,"Dietary education for type 1 diabetes mellitus","Observation","SNOMED","Procedure","S","429094000","codelist"
"38",35626069,"Macular edema due to type 1 diabetes mellitus","Condition","SNOMED","Disorder","S","769219006","codelist"
"39",35626070,"Macular edema due to type 2 diabetes mellitus","Condition","SNOMED","Disorder","S","769220000","codelist"
"40",35626765,"Cranial nerve palsy due to type 1 diabetes mellitus","Condition","SNOMED","Disorder","S","770098001","codelist"
"41",42535539,"Disorder of nerve due to type 1 diabetes mellitus","Condition","SNOMED","Disorder","S","368521000119107","codelist"
"42",36712670,"Skin ulcer due to type 2 diabetes mellitus","Condition","SNOMED","Disorder","S","102621000119101","codelist"
"43",36712687,"Ulcer of right foot due to type 2 diabetes mellitus","Condition","SNOMED","Disorder","S","10661671000119102","codelist"
"44",36713094,"Peripheral angiopathy due to type 1 diabetes mellitus","Condition","SNOMED","Disorder","S","31211000119101","codelist"
"45",36714116,"Hypoglycemic coma due to type 2 diabetes mellitus","Condition","SNOMED","Disorder","S","719216001","codelist"
"46",36715571,"Acidosis due to type 1 diabetes mellitus","Condition","SNOMED","Disorder","S","721283000","codelist"
"47",36717156,"Acidosis due to type 2 diabetes mellitus","Condition","SNOMED","Disorder","S","721284006","codelist"
"48",443732,"Disorder due to type 2 diabetes mellitus","Condition","SNOMED","Disorder","S","422014003","codelist"
"49",37016179,"Mild nonproliferative retinopathy due to type 1 diabetes mellitus","Condition","SNOMED","Disorder","S","138881000119106","codelist"
"50",37016180,"Moderate nonproliferative retinopathy due to type 1 diabetes mellitus","Condition","SNOMED","Disorder","S","138891000119109","codelist"
"51",37016348,"Hyperglycemia due to type 1 diabetes mellitus","Condition","SNOMED","Disorder","S","367991000119101","codelist"
"52",37016349,"Hyperglycemia due to type 2 diabetes mellitus","Condition","SNOMED","Disorder","S","368051000119109","codelist"
"53",37016353,"Dyslipidemia due to type 1 diabetes mellitus","Condition","SNOMED","Disorder","S","368551000119104","codelist"
"54",37016354,"Neuropathy due to type 2 diabetes mellitus","Condition","SNOMED","Disorder","S","368581000119106","codelist"
"55",37016767,"Autonomic neuropathy due to type 1 diabetes mellitus","Condition","SNOMED","Disorder","S","712882000","codelist"
"56",37017431,"Polyneuropathy due to type 1 diabetes mellitus","Condition","SNOMED","Disorder","S","713705003","codelist"
"57",37017432,"Polyneuropathy due to type 2 diabetes mellitus","Condition","SNOMED","Disorder","S","713706002","codelist"
"58",37018566,"Peripheral neuropathy due to type 1 diabetes mellitus","Condition","SNOMED","Disorder","S","71791000119104","codelist"
"59",37018912,"Diabetic hand syndrome due to type 2 diabetes mellitus","Condition","SNOMED","Disorder","S","368591000119109","codelist"
"60",37312200,"Ulcer of midfoot due to type 1 diabetes mellitus","Condition","SNOMED","Disorder","S","789572003","codelist"
"61",37312201,"Ulcer of heel due to type 1 diabetes mellitus","Condition","SNOMED","Disorder","S","789571005","codelist"
"62",37312204,"Ulcer of midfoot due to diabetes mellitus","Condition","SNOMED","Disorder","S","789568002","codelist"
"63",37312205,"Ulcer of heel due to type 2 diabetes mellitus","Condition","SNOMED","Disorder","S","789567007","codelist"
"64",439770,"Ketoacidosis due to type 1 diabetes mellitus","Condition","SNOMED","Disorder","S","420270002","codelist"
"65",443734,"Ketoacidosis due to type 2 diabetes mellitus","Condition","SNOMED","Disorder","S","421750000","codelist"
"66",4224254,"Ketoacidotic coma due to type 1 diabetes mellitus","Condition","SNOMED","Disorder","S","421075007","codelist"
"67",200687,"Renal disorder due to type 1 diabetes mellitus","Condition","SNOMED","Disorder","S","421893009","codelist"
"68",443731,"Renal disorder due to type 2 diabetes mellitus","Condition","SNOMED","Disorder","S","420279001","codelist"
"69",443733,"Disorder of eye due to type 2 diabetes mellitus","Condition","SNOMED","Disorder","S","422099009","codelist"
"70",377821,"Disorder of nervous system due to type 1 diabetes mellitus","Condition","SNOMED","Disorder","S","421468001","codelist"
"71",376065,"Disorder of nervous system due to type 2 diabetes mellitus","Condition","SNOMED","Disorder","S","421326000","codelist"
"72",318712,"Peripheral circulatory disorder due to type 1 diabetes mellitus","Condition","SNOMED","Disorder","S","421365002","codelist"
"73",443729,"Peripheral circulatory disorder due to type 2 diabetes mellitus","Condition","SNOMED","Disorder","S","422166005","codelist"
"74",4222876,"Gangrene due to type 2 diabetes mellitus","Condition","SNOMED","Disorder","S","421631007","codelist"
"75",42538169,"Disorder of eye due to type 1 diabetes mellitus","Condition","SNOMED","Disorder","S","739681000","codelist"
"76",4227210,"Retinopathy due to type 1 diabetes mellitus","Condition","SNOMED","Disorder","S","420789003","codelist"
"77",4226121,"Retinopathy due to type 2 diabetes mellitus","Condition","SNOMED","Disorder","S","422034002","codelist"
"78",4225055,"Mononeuropathy due to type 1 diabetes mellitus","Condition","SNOMED","Disorder","S","420918009","codelist"
"79",4222415,"Mononeuropathy due to type 2 diabetes mellitus","Condition","SNOMED","Disorder","S","420436000","codelist"
"80",4225656,"Cataract due to diabetes mellitus type 1","Condition","SNOMED","Disorder","S","421920002","codelist"
"81",4221495,"Cataract due to diabetes mellitus type 2","Condition","SNOMED","Disorder","S","420756003","codelist"
"82",435216,"Disorder due to type 1 diabetes mellitus","Condition","SNOMED","Disorder","S","420868002","codelist"
"83",4215719,"Hyperosmolar non-ketotic state due to type 2 diabetes mellitus","Condition","SNOMED","Disorder","S","395204000","codelist"
"84",4222553,"Persistent proteinuria due to type 1 diabetes mellitus","Condition","SNOMED","Disorder","S","420514000","codelist"
"85",4223739,"Persistent proteinuria due to type 2 diabetes mellitus","Condition","SNOMED","Disorder","S","421986006","codelist"
"86",4221487,"Persistent microalbuminuria due to type 2 diabetes mellitus","Condition","SNOMED","Disorder","S","420715001","codelist"
"87",4221344,"Exudative maculopathy due to type 1 diabetes mellitus","Condition","SNOMED","Disorder","S","420486006","codelist"
"88",4223463,"Exudative maculopathy due to type 2 diabetes mellitus","Condition","SNOMED","Disorder","S","421779007","codelist"
"89",42535540,"Hyperosmolarity due to type 1 diabetes mellitus","Condition","SNOMED","Disorder","S","368561000119102","codelist"
"90",601159,"Inflammatory dermatosis due to type 1 diabetes mellitus","Condition","SNOMED","Disorder","S","367211000119103","codelist"
"91",603319,"Moderate nonproliferative retinopathy of right eye due to diabetes mellitus type 1","Condition","SNOMED","Disorder","S","16697471000119102","codelist"
"92",603320,"Bilateral moderate nonproliferative retinopathy due to diabetes mellitus type 1","Condition","SNOMED","Disorder","S","16697521000119104","codelist"
"93",608884,"Inflammatory dermatosis due to type 2 diabetes mellitus","Condition","SNOMED","Disorder","S","15936501000119100","codelist"
"94",609070,"Cheiroarthropathy due to diabetes mellitus type 1","Condition","SNOMED","Disorder","S","368541000119101","codelist"
"95",609096,"Nonproliferative retinopathy of left eye due to diabetes mellitus type 2","Condition","SNOMED","Disorder","S","16745131000119100","codelist"
"96",609097,"Nonproliferative retinopathy of left eye due to diabetes mellitus type 1","Condition","SNOMED","Disorder","S","16745211000119100","codelist"
"97",609098,"Bilateral mild nonproliferative retinopathy due to diabetes mellitus type 1","Condition","SNOMED","Disorder","S","16745411000119104","codelist"
"98",609099,"Mild nonproliferative retinopathy of left eye due to diabetes mellitus type 2","Condition","SNOMED","Disorder","S","16745531000119108","codelist"
"99",609100,"Mild nonproliferative retinopathy of right eye due to diabetes mellitus type 1","Condition","SNOMED","Disorder","S","16745611000119102","codelist"
"100",609103,"Bilateral mild nonproliferative retinopathy due to diabetes mellitus type 2","Condition","SNOMED","Disorder","S","16745931000119102","codelist"
"101",609105,"Moderate nonproliferative retinopathy of right eye due to diabetes mellitus type 2","Condition","SNOMED","Disorder","S","16746261000119108","codelist"
"102",609107,"Bilateral nonproliferative retinopathy of eyes due to diabetes mellitus type 1","Condition","SNOMED","Disorder","S","16746661000119106","codelist"
"103",609108,"Nonproliferative retinopathy of right eye due to diabetes mellitus type 1","Condition","SNOMED","Disorder","S","16746741000119102","codelist"
"104",609110,"Severe nonproliferative retinopathy of left eye due to diabetes mellitus type 1","Condition","SNOMED","Disorder","S","16746941000119104","codelist"
"105",609112,"Severe nonproliferative retinopathy of right eye due to diabetes mellitus type 2","Condition","SNOMED","Disorder","S","16747141000119104","codelist"
"106",609115,"Proliferative retinopathy of left eye due to diabetes mellitus type 1","Condition","SNOMED","Disorder","S","16747741000119100","codelist"
"107",609116,"Proliferative retinopathy of left eye due to diabetes mellitus type 2","Condition","SNOMED","Disorder","S","16747901000119104","codelist"
"108",609117,"Bilateral proliferative retinopathy due to diabetes mellitus type 2","Condition","SNOMED","Disorder","S","16748141000119100","codelist"
"109",609119,"Proliferative retinopathy of right eye due to diabetes mellitus type 2","Condition","SNOMED","Disorder","S","16749661000119102","codelist"
"110",609191,"Coronary artery disease due to type 1 diabetes mellitus","Condition","SNOMED","Disorder","S","16891191000119108","codelist"
"111",43530690,"Foot ulcer due to type 2 diabetes mellitus","Condition","SNOMED","Disorder","S","1521000119100","codelist"
"112",45757507,"Ulcer of foot due to type 1 diabetes mellitus","Condition","SNOMED","Disorder","S","164881000119109","codelist"
"113",42689695,"Eating disorder co-occurrent with diabetes mellitus type 1","Condition","SNOMED","Disorder","S","1067201000000106","codelist"
"114",43530656,"Nonproliferative retinopathy due to type 2 diabetes mellitus","Condition","SNOMED","Disorder","S","1551000119108","codelist"
"115",43530660,"Mixed hyperlipidemia due to type 1 diabetes mellitus","Condition","SNOMED","Disorder","S","1571000119104","codelist"
"116",43530685,"Proliferative retinopathy due to type 2 diabetes mellitus","Condition","SNOMED","Disorder","S","1501000119109","codelist"
"117",43530689,"Peripheral neuropathy due to type 2 diabetes mellitus","Condition","SNOMED","Disorder","S","1511000119107","codelist"
"118",43531559,"Chronic kidney disease stage 1 due to type 2 diabetes mellitus","Condition","SNOMED","Disorder","S","751000119104","codelist"
"119",43531562,"Chronic kidney disease stage 5 due to type 2 diabetes mellitus","Condition","SNOMED","Disorder","S","711000119100","codelist"
"120",43531563,"Neuropathic arthropathy due to type 2 diabetes mellitus","Condition","SNOMED","Disorder","S","781000119106","codelist"
"121",43531564,"Dyslipidemia due to type 2 diabetes mellitus","Condition","SNOMED","Disorder","S","761000119102","codelist"
"122",43531565,"Erectile dysfunction due to type 1 diabetes mellitus","Condition","SNOMED","Disorder","S","691000119103","codelist"
"123",43531566,"Chronic kidney disease stage 2 due to type 2 diabetes mellitus","Condition","SNOMED","Disorder","S","741000119101","codelist"
"124",43531577,"Chronic kidney disease stage 4 due to type 2 diabetes mellitus","Condition","SNOMED","Disorder","S","721000119107","codelist"
"125",43531578,"Chronic kidney disease due to type 2 diabetes mellitus","Condition","SNOMED","Disorder","S","771000119108","codelist"
"126",43531588,"Angina associated with type 2 diabetes mellitus","Condition","SNOMED","Disorder","S","791000119109","codelist"
"127",43531608,"Vitreous hemorrhage due to type 2 diabetes mellitus","Condition","SNOMED","Disorder","S","1491000119102","codelist"
"128",43531616,"Dermopathy due to type 2 diabetes mellitus","Condition","SNOMED","Disorder","S","1531000119102","codelist"
"129",43531651,"Mixed hyperlipidemia due to type 2 diabetes mellitus","Condition","SNOMED","Disorder","S","701000119103","codelist"
"130",43531653,"Chronic kidney disease stage 3 due to type 2 diabetes mellitus","Condition","SNOMED","Disorder","S","731000119105","codelist"
"131",44791047,"Type 2 diabetic on insulin","Observation","SNOMED","Clinical Finding","S","24471000000103","codelist"
"132",44791061,"Type 2 diabetic on diet only","Observation","SNOMED","Clinical Finding","S","24481000000101","codelist"
"133",44791260,"Diabetes type 1 review","Observation","SNOMED","Procedure","S","279291000000109","codelist"
"134",44791270,"Diabetes type 2 review","Observation","SNOMED","Procedure","S","279321000000104","codelist"
"135",44805528,"Type II diabetic dietary review","Observation","SNOMED","Procedure","S","754121000000107","codelist"
"136",44805585,"Referral to type I diabetes structured education programme","Observation","SNOMED","Procedure","S","754461000000105","codelist"
"137",45757073,"Ischemia of retina due to type 1 diabetes mellitus","Condition","SNOMED","Disorder","S","104941000119109","codelist"
"138",45757074,"Vitreous hemorrhage due to type 1 diabetes mellitus","Condition","SNOMED","Disorder","S","104951000119106","codelist"
"139",45757075,"Ischemia of retina due to type 2 diabetes mellitus","Condition","SNOMED","Disorder","S","104961000119108","codelist"
"140",45757266,"Retinal edema due to type 1 diabetes mellitus","Condition","SNOMED","Disorder","S","109171000119104","codelist"
"141",45757277,"Ulcer of lower limb due to type 2 diabetes mellitus","Condition","SNOMED","Disorder","S","110171000119107","codelist"
"142",45757278,"Peripheral sensory neuropathy due to type 2 diabetes mellitus","Condition","SNOMED","Disorder","S","110181000119105","codelist"
"143",45757280,"Dyslipidemia with high density lipoprotein below reference range and triglyceride above reference range due to type 2 diabetes mellitus","Condition","SNOMED","Disorder","S","111231000119109","codelist"
"144",45757362,"Hypoglycemic unawareness due to type 1 diabetes mellitus","Condition","SNOMED","Disorder","S","120711000119108","codelist"
"145",45757363,"Hypoglycemia due to type 2 diabetes mellitus","Condition","SNOMED","Disorder","S","120731000119103","codelist"
"146",45757432,"Hyperlipidemia due to type 1 diabetes mellitus","Condition","SNOMED","Disorder","S","137941000119106","codelist"
"147",45757435,"Mild nonproliferative retinopathy due to type 2 diabetes mellitus","Condition","SNOMED","Disorder","S","138911000119106","codelist"
"148",45757444,"Hypertension in chronic kidney disease stage 5 due to type 2 diabetes mellitus","Condition","SNOMED","Disorder","S","140101000119109","codelist"
"149",45757445,"Hypertension in chronic kidney disease stage 4 due to type 2 diabetes mellitus","Condition","SNOMED","Disorder","S","140111000119107","codelist"
"150",45757446,"Hypertension in chronic kidney disease stage 3 due to type 2 diabetes mellitus","Condition","SNOMED","Disorder","S","140121000119100","codelist"
"151",45757447,"Hypertension in chronic kidney disease stage 2 due to type 2 diabetes mellitus","Condition","SNOMED","Disorder","S","140131000119102","codelist"
"152",45757449,"Ulcer of toe due to type 2 diabetes mellitus","Condition","SNOMED","Disorder","S","140391000119101","codelist"
"153",45757499,"Proteinuria due to type 2 diabetes mellitus","Condition","SNOMED","Disorder","S","157141000119108","codelist"
"154",45757535,"Microalbuminuria due to type 1 diabetes mellitus","Condition","SNOMED","Disorder","S","18521000119106","codelist"
"155",45757604,"Proteinuria due to type 1 diabetes mellitus","Condition","SNOMED","Disorder","S","243421000119104","codelist"
"156",45763582,"Blindness due to type 2 diabetes mellitus","Condition","SNOMED","Disorder","S","60951000119105","codelist"
"157",45763583,"Nonproliferative diabetic retinopathy due to type 1 diabetes mellitus","Condition","SNOMED","Disorder","S","60961000119107","codelist"
"158",45763584,"Proliferative retinopathy due to type 1 diabetes mellitus","Condition","SNOMED","Disorder","S","60971000119101","codelist"
"159",45763585,"Blindness due to type 1 diabetes mellitus","Condition","SNOMED","Disorder","S","60991000119100","codelist"
"160",45768456,"Neuropathy due to unstable diabetes mellitus type 1","Condition","SNOMED","Disorder","S","706891008","codelist"
"161",45769828,"Nephrotic syndrome due to type 2 diabetes mellitus","Condition","SNOMED","Disorder","S","71441000119104","codelist"
"162",45769829,"Nephrotic syndrome due to type 1 diabetes mellitus","Condition","SNOMED","Disorder","S","71721000119101","codelist"
"163",45769830,"Neuropathic arthropathy due to type 1 diabetes mellitus","Condition","SNOMED","Disorder","S","71771000119100","codelist"
"164",45769832,"Dermopathy due to type 1 diabetes mellitus","Condition","SNOMED","Disorder","S","72021000119109","codelist"
"165",45769833,"Severe malnutrition due to type 1 diabetes mellitus","Condition","SNOMED","Disorder","S","72031000119107","codelist"
"166",45769834,"Osteomyelitis due to type 1 diabetes mellitus","Condition","SNOMED","Disorder","S","72041000119103","codelist"
"167",45769835,"Severe malnutrition due to type 2 diabetes mellitus","Condition","SNOMED","Disorder","S","72051000119101","codelist"
"168",45769836,"Osteomyelitis due to type 2 diabetes mellitus","Condition","SNOMED","Disorder","S","72061000119104","codelist"
"169",45769837,"Chronic ulcer of skin due to type 1 diabetes mellitus","Condition","SNOMED","Disorder","S","72141000119104","codelist"
"170",45769872,"Rubeosis iridis due to type 2 diabetes mellitus","Condition","SNOMED","Disorder","S","82551000119103","codelist"
"171",45769873,"Traction detachment of retina due to type 1 diabetes mellitus","Condition","SNOMED","Disorder","S","82571000119107","codelist"
"172",45769875,"Insulin reactive hypoglycemia due to type 2 diabetes mellitus","Condition","SNOMED","Disorder","S","84361000119102","codelist"
"173",45769876,"Hypoglycemia due to type 1 diabetes mellitus","Condition","SNOMED","Disorder","S","84371000119108","codelist"
"174",45769888,"Ankle ulcer due to type 2 diabetes mellitus","Condition","SNOMED","Disorder","S","87441000119104","codelist"
"175",45769890,"Ulcer of forefoot due to type 2 diabetes mellitus","Condition","SNOMED","Disorder","S","87461000119100","codelist"
"176",45769891,"Ankle ulcer due to type 1 diabetes mellitus","Condition","SNOMED","Disorder","S","87471000119106","codelist"
"177",45769892,"Ulcer of forefoot due to type 1 diabetes mellitus","Condition","SNOMED","Disorder","S","87491000119107","codelist"
"178",45769894,"Cranial nerve palsy due to type 2 diabetes mellitus","Condition","SNOMED","Disorder","S","87921000119104","codelist"
"179",45769901,"Chronic kidney disease stage 2 due to type 1 diabetes mellitus","Condition","SNOMED","Disorder","S","90731000119103","codelist"
"180",45769902,"Chronic kidney disease stage 4 due to type 1 diabetes mellitus","Condition","SNOMED","Disorder","S","90751000119109","codelist"
"181",45769903,"Chronic kidney disease stage 5 due to type 1 diabetes mellitus","Condition","SNOMED","Disorder","S","90761000119106","codelist"
"182",45769904,"End stage renal disease on dialysis due to type 1 diabetes mellitus","Condition","SNOMED","Disorder","S","90771000119100","codelist"
"183",45769905,"Microalbuminuria due to type 2 diabetes mellitus","Condition","SNOMED","Disorder","S","90781000119102","codelist"
"184",45769906,"End stage renal disease on dialysis due to type 2 diabetes mellitus","Condition","SNOMED","Disorder","S","90791000119104","codelist"
"185",45770830,"Macular edema and retinopathy due to type 2 diabetes mellitus","Condition","SNOMED","Disorder","S","97331000119101","codelist"
"186",45770831,"Proliferative retinopathy with retinal edema due to type 2 diabetes mellitus","Condition","SNOMED","Disorder","S","97341000119105","codelist"
"187",45770832,"Stasis ulcer due to type 2 diabetes mellitus","Condition","SNOMED","Disorder","S","97621000119107","codelist"
"188",45770880,"Hyperlipidemia due to type 2 diabetes mellitus","Condition","SNOMED","Disorder","S","137931000119102","codelist"
"189",45770881,"Moderate nonproliferative retinopathy due to type 2 diabetes mellitus","Condition","SNOMED","Disorder","S","138921000119104","codelist"
"190",45770902,"Ulcer of lower limb due to type 1 diabetes mellitus","Condition","SNOMED","Disorder","S","110141000119100","codelist"
"191",45770928,"Retinal edema due to type 2 diabetes mellitus","Condition","SNOMED","Disorder","S","28331000119107","codelist"
"192",45770986,"Retinopathy due to unstable diabetes mellitus type 1","Condition","SNOMED","Disorder","S","706894000","codelist"
"193",45771064,"Hypertension in chronic kidney disease due to type 2 diabetes mellitus","Condition","SNOMED","Disorder","S","71421000119105","codelist"
"194",45771067,"Hypertension in chronic kidney disease due to type 1 diabetes mellitus","Condition","SNOMED","Disorder","S","71701000119105","codelist"
"195",45771072,"Ischemic ulcer of foot due to type 2 diabetes mellitus","Condition","SNOMED","Disorder","S","140521000119107","codelist"
"196",45771075,"Chronic kidney disease stage 3 due to type 1 diabetes mellitus","Condition","SNOMED","Disorder","S","90741000119107","codelist"
"197",45771533,"Rubeosis iridis due to type 1 diabetes mellitus","Condition","SNOMED","Disorder","S","82581000119105","codelist"
"198",45772019,"Glaucoma due to type 2 diabetes mellitus","Condition","SNOMED","Disorder","S","41911000119107","codelist"
"199",45772060,"Hypoglycemia unawareness due to type 2 diabetes mellitus","Condition","SNOMED","Disorder","S","119831000119106","codelist"
"200",45773064,"Traction detachment of retina due to type 2 diabetes mellitus","Condition","SNOMED","Disorder","S","82541000119100","codelist"
"201",45773567,"Sensory neuropathy due to type 1 diabetes mellitus","Condition","SNOMED","Disorder","S","102781000119107","codelist"
"202",45773576,"Chronic kidney disease stage 1 due to type 1 diabetes mellitus","Condition","SNOMED","Disorder","S","90721000119101","codelist"
"203",45773688,"Chronic kidney disease due to type 1 diabetes mellitus","Condition","SNOMED","Disorder","S","96441000119101","codelist"
"204",46269764,"Skin ulcer of toe due to diabetes mellitus type 1","Condition","SNOMED","Disorder","S","10656231000119100","codelist"
"205",46274058,"Skin ulcer of toe due to diabetes mellitus type 2","Condition","SNOMED","Disorder","S","10656271000119102","codelist"
"206",201530,"Hyperosmolar coma due to type 2 diabetes mellitus","Condition","SNOMED","Disorder","S","190331003","codelist"
"207",201531,"Hyperosmolar coma due to type 1 diabetes mellitus","Condition","SNOMED","Disorder","S","190330002","codelist"
"208",443592,"Hyperosmolality due to uncontrolled type 1 diabetes mellitus","Condition","SNOMED","Disorder","S","428896009","codelist"
"209",4223303,"Gangrene due to type 1 diabetes mellitus","Condition","SNOMED","Disorder","S","420825003","codelist"
"210",4140466,"Lumbosacral radiculoplexus neuropathy due to type 2 diabetes mellitus","Condition","SNOMED","Disorder","S","427027005","codelist"
"211",4142579,"Small vessel disease due to type 2 diabetes mellitus","Condition","SNOMED","Disorder","S","427134009","codelist"
"212",4143689,"Small vessel disease due to type 1 diabetes mellitus","Condition","SNOMED","Disorder","S","426907004","codelist"
"213",4143857,"Lumbosacral radiculoplexus neuropathy due to type 1 diabetes mellitus","Condition","SNOMED","Disorder","S","427571000","codelist"
"214",4152858,"Type 1 diabetes mellitus with arthropathy","Condition","SNOMED","Disorder","S","314893005","codelist"
"215",4177050,"Erectile dysfunction due to type 2 diabetes mellitus","Condition","SNOMED","Disorder","S","428007007","codelist"
"216",4196141,"Arthropathy due to type 2 diabetes mellitus","Condition","SNOMED","Disorder","S","314903002","codelist"
"217",4200875,"Type 2 diabetes mellitus with peripheral angiopathy","Condition","SNOMED","Disorder","S","314902007","codelist"
"218",195771,"Secondary diabetes mellitus","Condition","SNOMED","Disorder","S","8801005","additional"
"219",201820,"Diabetes mellitus","Condition","SNOMED","Disorder","S","73211009","additional"
"220",604357,"Ketosis-prone diabetes mellitus","Condition","SNOMED","Disorder","S","890171006","additional"
"221",765478,"Diabetes mellitus caused by drug without complication","Condition","SNOMED","Disorder","S","367391000119102","additional"
"222",3661732,"Newly diagnosed type 1 diabetes mellitus","Condition","SNOMED","Disorder","S","870528001","additional"
"223",4008576,"Diabetes mellitus without complication","Condition","SNOMED","Disorder","S","111552007","additional"
"224",4030061,"Malnutrition-related diabetes mellitus - fibrocalculous","Condition","SNOMED","Disorder","S","237600004","additional"
"225",4034960,"Secondary endocrine diabetes mellitus","Condition","SNOMED","Disorder","S","237601000","additional"
"226",4062687,"Pre-existing malnutrition-related diabetes mellitus","Condition","SNOMED","Disorder","S","199231005","additional"
"227",4096042,"Malnutrition-related diabetes mellitus without complications","Condition","SNOMED","Disorder","S","190412005","additional"
"228",4096670,"Malnutrition-related diabetes mellitus with renal complications","Condition","SNOMED","Disorder","S","190407009","additional"
"229",4096671,"Malnutrition-related diabetes mellitus with peripheral circulatory complications","Condition","SNOMED","Disorder","S","190410002","additional"
"230",4099334,"Steroid-induced diabetes","Condition","SNOMED","Disorder","S","190447002","additional"
"231",4099741,"Fibrocalculous pancreatic diabetes","Condition","SNOMED","Disorder","S","2751001","additional"
"232",4129516,"Maternally inherited diabetes and deafness","Condition","SNOMED","Disorder","S","237619009","additional"
"233",4131907,"Lipoatrophic diabetes","Condition","SNOMED","Disorder","S","127012008","additional"
"234",4140808,"Rabson-Mendenhall syndrome","Condition","SNOMED","Disorder","S","33559001","additional"
"235",4143529,"Diabetes mellitus associated with cystic fibrosis","Condition","SNOMED","Disorder","S","426705001","additional"
"236",4144583,"Diabetes mellitus due to cystic fibrosis","Condition","SNOMED","Disorder","S","427089005","additional"
"237",4178452,"Diabetes mellitus associated with pancreatic disease","Condition","SNOMED","Disorder","S","51002006","additional"
"238",4178790,"Diabetes mellitus associated with receptor abnormality","Condition","SNOMED","Disorder","S","42954008","additional"
"239",4192852,"Diabetes mellitus caused by insulin receptor antibodies","Condition","SNOMED","Disorder","S","75682002","additional"
"240",4202383,"Drug-induced diabetes mellitus","Condition","SNOMED","Disorder","S","5368009","additional"
"241",4212631,"Protein-deficient diabetes mellitus","Condition","SNOMED","Disorder","S","57886004","additional"
"242",4228483,"Newly diagnosed diabetes","Condition","SNOMED","Disorder","S","405749004","additional"
"243",4235410,"Diabetes mellitus induced by non-steroid drugs","Condition","SNOMED","Disorder","S","408540003","additional"
"244",4237068,"Diabetes mellitus due to structurally abnormal insulin","Condition","SNOMED","Disorder","S","91352004","additional"
"245",4240589,"Diabetes mellitus associated with hormonal etiology","Condition","SNOMED","Disorder","S","59079001","additional"
"246",4245270,"Diabetes mellitus associated with genetic syndrome","Condition","SNOMED","Disorder","S","5969009","additional"
"247",4327944,"Malnutrition related diabetes mellitus","Condition","SNOMED","Disorder","S","75524006","additional"
"248",36713275,"Atypical diabetes mellitus","Condition","SNOMED","Disorder","S","530558861000132104","additional"
"249",36715417,"DEND syndrome","Condition","SNOMED","Disorder","S","721088003","additional"
"250",37163431,"Ketosis-resistant diabetes mellitus","Condition","SNOMED","Disorder","S","1217044000","additional"
"251",37163452,"Fulminant type 1 diabetes mellitus","Condition","SNOMED","Disorder","S","1217068008","additional"
"252",37174270,"Diabetes mellitus type 1 stage 3","Condition","SNOMED","Disorder","S","721201000124104","additional"
"253",40482883,"Posttransplant diabetes mellitus","Condition","SNOMED","Disorder","S","445260006","additional"
"254",42537681,"Diabetes mellitus caused by chemical","Condition","SNOMED","Disorder","S","737212004","additional"
"255",43531006,"Maturity onset diabetes of the young, type 1","Condition","SNOMED","Disorder","S","609562003","additional"
"256",43531011,"Diabetes mellitus due to genetic defect in beta cell function","Condition","SNOMED","Disorder","S","609568004","additional"
"257",43531012,"Maturity-onset diabetes of the young, type 3","Condition","SNOMED","Disorder","S","609570008","additional"
"258",43531013,"Maturity-onset diabetes of the young, type 4","Condition","SNOMED","Disorder","S","609571007","additional"
"259",43531014,"Maturity-onset diabetes of the young, type 5","Condition","SNOMED","Disorder","S","609572000","additional"
"260",43531015,"Maturity-onset diabetes of the young, type 7","Condition","SNOMED","Disorder","S","609574004","additional"
"261",43531016,"Maturity-onset diabetes of the young, type 9","Condition","SNOMED","Disorder","S","609576002","additional"
"262",43531017,"Maturity-onset diabetes of the young, type 10","Condition","SNOMED","Disorder","S","609577006","additional"
"263",43531018,"Maturity-onset diabetes of the young, type 11","Condition","SNOMED","Disorder","S","609578001","additional"
"264",43531640,"Maturity-onset diabetes of the young","Condition","SNOMED","Disorder","S","609561005","additional"
"265",43531642,"Diabetes mellitus due to genetic defect in insulin action","Condition","SNOMED","Disorder","S","609569007","additional"
"266",43531643,"Maturity-onset diabetes of the young, type 6","Condition","SNOMED","Disorder","S","609573005","additional"
"267",43531644,"Maturity-onset diabetes of the young, type 8","Condition","SNOMED","Disorder","S","609575003","additional"
"268",44787902,"Lipoatrophic diabetes mellitus without complication","Condition","SNOMED","Disorder","S","112991000000101","additional"
"269",44792134,"Maternally inherited diabetes mellitus","Condition","SNOMED","Disorder","S","335621000000101","additional"
"270",44793113,"Diabetes mellitus with multiple complications","Condition","SNOMED","Disorder","S","385041000000108","additional"
"271",44793114,"Pre-existing diabetes mellitus","Condition","SNOMED","Disorder","S","385051000000106","additional"
"272",45757077,"Diabetes mellitus due to pancreatic injury","Condition","SNOMED","Disorder","S","105401000119101","additional"
"273",45757079,"Pre-existing diabetes mellitus in mother complicating childbirth","Condition","SNOMED","Disorder","S","106281000119103","additional"
"274",45766050,"Diabetes mellitus in remission","Condition","SNOMED","Disorder","S","703136005","additional"
