"","descendant_concept_id","ancestor_concept_id","concept_name","domain_id","vocabulary_id","concept_class_id","standard_concept","concept_code"
"1",40492407,40492407,"Ulcer of anastomosis","Condition","SNOMED","Disorder","S","447408004"
"2",25844,25844,"Ulcer of esophagus","Condition","SNOMED","Disorder","S","30811009"
"3",4198381,4198381,"Ulcer of duodenum","Condition","SNOMED","Disorder","S","51868009"
"4",46273182,46273182,"Hemorrhage of jejunum","Condition","SNOMED","Disorder","S","712509002"
"5",4319441,4319441,"Acute gastric ulcer","Condition","SNOMED","Disorder","S","95529005"
"6",4057053,4057053,"Acute duodenal ulcer","Condition","SNOMED","Disorder","S","196652006"
"7",4318534,4318534,"Chronic gastric ulcer","Condition","SNOMED","Disorder","S","95530000"
"8",4028242,4028242,"Chronic duodenal ulcer","Condition","SNOMED","Disorder","S","128286008"
"9",4261784,4261784,"Ulceration of colon","Condition","SNOMED","Disorder","S","46040000"
"10",46270529,46270529,"Hemorrhage of small intestine with diverticulosis","Condition","SNOMED","Disorder","S","40271000119102"
"11",4331322,4331322,"Prepyloric ulcer","Condition","SNOMED","Disorder","S","22620000"
"12",4168036,4168036,"Proctocolitis","Condition","SNOMED","Disorder","S","418130002"
"13",4215084,4215084,"Stress ulcer","Condition","SNOMED","Disorder","S","415623008"
"14",4027663,4027663,"Peptic ulcer","Condition","SNOMED","Disorder","S","13200003"
"15",37163134,37163134,"Gastrointestinal ulceration due to sepsis","Condition","SNOMED","Disorder","S","1204467005"
"16",37163132,37163132,"Gastrointestinal hemorrhage with sepsis","Condition","SNOMED","Disorder","S","1204464003"
"17",36716253,36716253,"Duodenal ulcer caused by non-steroidal anti-inflammatory drug","Condition","SNOMED","Disorder","S","722200003"
"18",81893,81893,"Ulcerative colitis","Condition","SNOMED","Disorder","S","64766004"
"19",45757242,45757242,"Erosive gastritis","Condition","SNOMED","Disorder","S","1086791000119100"
"20",194158,194158,"Perinatal gastrointestinal hemorrhage","Condition","SNOMED","Disorder","S","48729005"
"21",4024984,4024984,"Acute gastrojejunal ulcer","Condition","SNOMED","Disorder","S","196707000"
"22",37017373,37017373,"Gastric ulcer caused by drug","Condition","SNOMED","Disorder","S","713638002"
"23",37017911,37017911,"Jejunal anastomotic hemorrhage","Condition","SNOMED","Disorder","S","714278008"
"24",4187900,4187900,"Exacerbation of ulcerative colitis","Condition","SNOMED","Disorder","S","414156000"
"25",37203956,37203956,"Peptic ulcer with obstruction","Condition","SNOMED","Disorder","S","786068005"
"26",3655004,3655004,"Gastric ulcer induced by platelet aggregation inhibitor","Condition","SNOMED","Disorder","S","840592004"
"27",3655003,3655003,"Duodenal ulcer induced by platelet aggregation inhibitor","Condition","SNOMED","Disorder","S","840591006"
"28",44791257,44791257,"Non-steroidal anti-inflammatory drug induced gastric ulcer","Condition","SNOMED","Disorder","S","248891000000103"
"29",4057060,4057060,"Acute peptic ulcer","Condition","SNOMED","Disorder","S","196682000"
"30",195002,195002,"Ulceration of intestine","Condition","SNOMED","Disorder","S","85942002"
"31",4059178,4059178,"Gastrojejunal ulcer","Condition","SNOMED","Disorder","S","16121001"
"32",44808499,44808499,"Gastric ulcer with obstruction","Condition","SNOMED","Disorder","S","849591000000103"
"33",192671,192671,"Gastrointestinal hemorrhage","Condition","SNOMED","Disorder","S","74474003"
"34",44808500,44808500,"Duodenal ulcer with obstruction","Condition","SNOMED","Disorder","S","849601000000109"
"35",44808503,44808503,"Gastrojejunal ulcer with obstruction","Condition","SNOMED","Disorder","S","849621000000100"
"36",4028243,4028243,"Chronic gastrojejunal ulcer","Condition","SNOMED","Disorder","S","128288009"
"37",444397,444397,"Ulcer of anus","Condition","SNOMED","Disorder","S","20928004"
"38",40479839,40479839,"Ulcerative pancolitis","Condition","SNOMED","Disorder","S","444548001"
"39",40482865,40482865,"Left sided ulcerative colitis","Condition","SNOMED","Disorder","S","445243001"
"40",4246979,4246979,"Coffee ground vomiting","Condition","SNOMED","Disorder","S","40835002"
"41",4265600,4265600,"Gastric ulcer","Condition","SNOMED","Disorder","S","397825006"
"42",4024831,4024831,"Esophageal ulcer caused by aspirin","Condition","SNOMED","Disorder","S","196607008"
"43",22665,22665,"Chronic peptic ulcer with hemorrhage AND with perforation but without obstruction","Condition","SNOMED","Disorder","S","55746001"
"44",23237,23237,"Acute peptic ulcer with hemorrhage AND obstruction","Condition","SNOMED","Disorder","S","43406003"
"45",23245,23245,"Esophageal bleeding","Condition","SNOMED","Disorder","S","15238002"
"46",23247,23247,"Chronic peptic ulcer with perforation but without obstruction","Condition","SNOMED","Disorder","S","80953005"
"47",23808,23808,"Chronic peptic ulcer without hemorrhage, without perforation AND without obstruction","Condition","SNOMED","Disorder","S","60400003"
"48",24076,24076,"Chronic peptic ulcer with hemorrhage AND obstruction","Condition","SNOMED","Disorder","S","56461008"
"49",24397,24397,"Chronic peptic ulcer with hemorrhage, with perforation AND with obstruction","Condition","SNOMED","Disorder","S","77661009"
"50",24973,24973,"Chronic peptic ulcer without hemorrhage AND without perforation but with obstruction","Condition","SNOMED","Disorder","S","12384004"
"51",26441,26441,"Bleeding ulcer of esophagus","Condition","SNOMED","Disorder","S","57748001"
"52",26718,26718,"Acute peptic ulcer with perforation AND obstruction","Condition","SNOMED","Disorder","S","35681000"
"53",26727,26727,"Hematemesis","Condition","SNOMED","Disorder","S","8765009"
"54",27026,27026,"Acute peptic ulcer with hemorrhage AND with perforation but without obstruction","Condition","SNOMED","Disorder","S","47064007"
"55",30439,30439,"Acute peptic ulcer with perforation but without obstruction","Condition","SNOMED","Disorder","S","34921009"
"56",30442,30442,"Chronic peptic ulcer with perforation AND obstruction","Condition","SNOMED","Disorder","S","57871005"
"57",30770,30770,"Chronic peptic ulcer with hemorrhage but without obstruction","Condition","SNOMED","Disorder","S","81518000"
"58",31335,31335,"Acute peptic ulcer with hemorrhage but without obstruction","Condition","SNOMED","Disorder","S","22157005"
"59",75580,75580,"Chronic ulcerative proctitis","Condition","SNOMED","Disorder","S","52231000"
"60",76150,76150,"Ulcer of rectum","Condition","SNOMED","Disorder","S","54609002"
"61",77317,77317,"Chronic ulcerative rectosigmoiditis","Condition","SNOMED","Disorder","S","52506002"
"62",78799,78799,"Chronic ulcerative ileocolitis","Condition","SNOMED","Disorder","S","13470001"
"63",192954,192954,"Acute gastric ulcer without hemorrhage AND without perforation but with obstruction","Condition","SNOMED","Disorder","S","81225008"
"64",193249,193249,"Acute hemorrhagic gastritis","Condition","SNOMED","Disorder","S","2367005"
"65",193250,193250,"Gastric hemorrhage","Condition","SNOMED","Disorder","S","61401005"
"66",193795,193795,"Acute gastric ulcer with hemorrhage but without obstruction","Condition","SNOMED","Disorder","S","70418001"
"67",194077,194077,"Chronic ulcerative enterocolitis","Condition","SNOMED","Disorder","S","15342002"
"68",194395,194395,"Hemorrhage of large intestine with diverticular disease of large intestine","Condition","SNOMED","Disorder","S","197092000"
"69",194680,194680,"Acute gastric ulcer with perforation but without obstruction","Condition","SNOMED","Disorder","S","90628007"
"70",194986,194986,"Acute peptic ulcer with hemorrhage, with perforation AND with obstruction","Condition","SNOMED","Disorder","S","28945005"
"71",195583,195583,"Chronic gastric ulcer without hemorrhage AND without perforation but with obstruction","Condition","SNOMED","Disorder","S","60531007"
"72",195584,195584,"Acute peptic ulcer without hemorrhage AND without perforation but with obstruction","Condition","SNOMED","Disorder","S","58085004"
"73",195845,195845,"Acute gastric ulcer with hemorrhage, with perforation and with obstruction","Condition","SNOMED","Disorder","S","53337006"
"74",195851,195851,"Gastric ulcer without hemorrhage, without perforation AND without obstruction","Condition","SNOMED","Disorder","S","59913009"
"75",196442,196442,"Chronic gastric ulcer with hemorrhage AND with perforation but without obstruction","Condition","SNOMED","Disorder","S","74341002"
"76",196443,196443,"Gastric ulcer without hemorrhage AND without perforation but with obstruction","Condition","SNOMED","Disorder","S","31452001"
"77",197018,197018,"Chronic gastric ulcer with hemorrhage but without obstruction","Condition","SNOMED","Disorder","S","76078009"
"78",197024,197024,"Small intestinal hemorrhage","Condition","SNOMED","Disorder","S","70375006"
"79",197914,197914,"Chronic gastric ulcer with perforation but without obstruction","Condition","SNOMED","Disorder","S","36246001"
"80",197925,197925,"Hemorrhage of rectum and anus","Condition","SNOMED","Disorder","S","266464001"
"81",198187,198187,"Acute peptic ulcer without hemorrhage, without perforation AND without obstruction","Condition","SNOMED","Disorder","S","3023008"
"82",198190,198190,"Gastric ulcer with perforation AND obstruction","Condition","SNOMED","Disorder","S","72486001"
"83",198467,198467,"Acute gastric ulcer with hemorrhage and obstruction","Condition","SNOMED","Disorder","S","46708007"
"84",198801,198801,"Chronic gastric ulcer with hemorrhage, with perforation and with obstruction","Condition","SNOMED","Disorder","S","85787009"
"85",199062,199062,"Acute gastric ulcer without hemorrhage, without perforation AND without obstruction","Condition","SNOMED","Disorder","S","54053008"
"86",199855,199855,"Acute gastric ulcer with hemorrhage AND with perforation but without obstruction","Condition","SNOMED","Disorder","S","17067009"
"87",200137,200137,"Acute gastric ulcer with perforation AND obstruction","Condition","SNOMED","Disorder","S","43694004"
"88",200769,200769,"Chronic gastric ulcer without hemorrhage, without perforation AND without obstruction","Condition","SNOMED","Disorder","S","1567007"
"89",200771,200771,"Peptic ulcer without hemorrhage AND without perforation but with obstruction","Condition","SNOMED","Disorder","S","54157007"
"90",201069,201069,"Peptic ulcer without hemorrhage, without perforation AND without obstruction","Condition","SNOMED","Disorder","S","38365000"
"91",201885,201885,"Chronic gastric ulcer with hemorrhage and with obstruction","Condition","SNOMED","Disorder","S","85859006"
"92",316457,316457,"Mallory-Weiss syndrome","Condition","SNOMED","Disorder","S","35265002"
"93",432354,432354,"Chronic duodenal ulcer with perforation but without obstruction","Condition","SNOMED","Disorder","S","34602004"
"94",432951,432951,"Acute gastrojejunal ulcer without hemorrhage AND without perforation but with obstruction","Condition","SNOMED","Disorder","S","10389003"
"95",433246,433246,"Chronic duodenal ulcer without hemorrhage, without perforation AND without obstruction","Condition","SNOMED","Disorder","S","57940000"
"96",433515,433515,"Chronic gastrojejunal ulcer with hemorrhage","Condition","SNOMED","Disorder","S","62838000"
"97",434070,434070,"Acute duodenal ulcer with perforation AND obstruction","Condition","SNOMED","Disorder","S","62936002"
"98",434400,434400,"Chronic gastrojejunal ulcer without hemorrhage AND without perforation but with obstruction","Condition","SNOMED","Disorder","S","56579005"
"99",434402,434402,"Acute duodenal ulcer with hemorrhage but without obstruction","Condition","SNOMED","Disorder","S","66767006"
"100",435305,435305,"Duodenal ulcer without hemorrhage AND without perforation but with obstruction","Condition","SNOMED","Disorder","S","18169007"
"101",435578,435578,"Acute duodenal ulcer with perforation but without obstruction","Condition","SNOMED","Disorder","S","22511002"
"102",435579,435579,"Chronic gastrojejunal ulcer with perforation but without obstruction","Condition","SNOMED","Disorder","S","62477005"
"103",435846,435846,"Acute gastrojejunal ulcer with perforation AND obstruction","Condition","SNOMED","Disorder","S","72219001"
"104",435855,435855,"Acute duodenal ulcer with hemorrhage AND with perforation but without obstruction","Condition","SNOMED","Disorder","S","51847008"
"105",435859,435859,"Acute duodenal ulcer without hemorrhage AND without perforation but with obstruction","Condition","SNOMED","Disorder","S","75342000"
"106",436148,436148,"Chronic duodenal ulcer with hemorrhage but without obstruction","Condition","SNOMED","Disorder","S","62341002"
"107",436453,436453,"Chronic duodenal ulcer with obstruction","Condition","SNOMED","Disorder","S","196666001"
"108",436460,436460,"Acute gastrojejunal ulcer without hemorrhage, without perforation AND without obstruction","Condition","SNOMED","Disorder","S","77987006"
"109",436729,436729,"Chronic gastrojejunal ulcer with hemorrhage and obstruction","Condition","SNOMED","Disorder","S","90257004"
"110",437021,437021,"Acute duodenal ulcer with hemorrhage, with perforation AND with obstruction","Condition","SNOMED","Disorder","S","41986000"
"111",437027,437027,"Hemorrhagic duodenitis","Condition","SNOMED","Disorder","S","95531001"
"112",437323,437323,"Chronic duodenal ulcer with hemorrhage AND obstruction","Condition","SNOMED","Disorder","S","34021006"
"113",437326,437326,"Chronic gastrojejunal ulcer with hemorrhage and with perforation but without obstruction","Condition","SNOMED","Disorder","S","46523000"
"114",437598,437598,"Acute gastrojejunal ulcer with perforation but without obstruction","Condition","SNOMED","Disorder","S","72395008"
"115",438188,438188,"Gastrojejunal ulcer without hemorrhage AND without perforation but with obstruction","Condition","SNOMED","Disorder","S","47152002"
"116",438468,438468,"Acute gastrojejunal ulcer with hemorrhage but without obstruction","Condition","SNOMED","Disorder","S","59515005"
"117",438469,438469,"Duodenal ulcer without hemorrhage, without perforation AND without obstruction","Condition","SNOMED","Disorder","S","34580000"
"118",438795,438795,"Chronic gastrojejunal ulcer without hemorrhage, without perforation AND without obstruction","Condition","SNOMED","Disorder","S","41626001"
"119",438796,438796,"Chronic duodenal ulcer with hemorrhage AND with perforation but without obstruction","Condition","SNOMED","Disorder","S","81142005"
"120",439058,439058,"Chronic duodenal ulcer with perforation AND obstruction","Condition","SNOMED","Disorder","S","60551006"
"121",439858,439858,"Gastrojejunal ulcer without hemorrhage, without perforation AND without obstruction","Condition","SNOMED","Disorder","S","35517004"
"122",440755,440755,"Acute duodenal ulcer without hemorrhage, without perforation AND without obstruction","Condition","SNOMED","Disorder","S","23693000"
"123",440756,440756,"Chronic duodenal ulcer with hemorrhage, with perforation AND with obstruction","Condition","SNOMED","Disorder","S","86258000"
"124",441062,441062,"Acute duodenal ulcer with hemorrhage AND obstruction","Condition","SNOMED","Disorder","S","87756006"
"125",441063,441063,"Acute gastrojejunal ulcer with hemorrhage and obstruction","Condition","SNOMED","Disorder","S","72408002"
"126",441328,441328,"Acute gastrojejunal ulcer with hemorrhage and with perforation but without obstruction","Condition","SNOMED","Disorder","S","66673003"
"127",442190,442190,"Hemorrhage of colon","Condition","SNOMED","Disorder","S","95540002"
"128",442314,442314,"Acute gastrojejunal ulcer with hemorrhage, with perforation and with obstruction","Condition","SNOMED","Disorder","S","58711008"
"129",443770,443770,"Chronic duodenal ulcer without hemorrhage AND without perforation but with obstruction","Condition","SNOMED","Disorder","S","28082003"
"130",443779,443779,"Chronic gastrojejunal ulcer with hemorrhage, with perforation and with obstruction","Condition","SNOMED","Disorder","S","24001002"
"131",444102,444102,"Chronic gastrojejunal ulcer with perforation AND with obstruction","Condition","SNOMED","Disorder","S","10897002"
"132",4001167,4001167,"Acute ulcerative gastroenteritis complicating pneumonia","Condition","SNOMED","Disorder","S","109814008"
"133",4003018,4003018,"Drug-induced peptic ulcer","Condition","SNOMED","Disorder","S","109813002"
"134",4006992,4006992,"Acute gastric erosion associated with drug ingestion","Condition","SNOMED","Disorder","S","111350000"
"135",4006994,4006994,"Acute peptic ulcer with hemorrhage and perforation","Condition","SNOMED","Disorder","S","111353003"
"136",4024840,4024840,"Acute duodenal ulcer with obstruction","Condition","SNOMED","Disorder","S","196658005"
"137",4024842,4024842,"Recurrent duodenal ulcer","Condition","SNOMED","Disorder","S","196671008"
"138",4024846,4024846,"Acute peptic ulcer with obstruction","Condition","SNOMED","Disorder","S","196687006"
"139",4024849,4024849,"Chronic peptic ulcer with obstruction","Condition","SNOMED","Disorder","S","196694009"
"140",4024985,4024985,"Acute gastrojejunal ulcer with obstruction","Condition","SNOMED","Disorder","S","196712004"
"141",4024986,4024986,"Chronic gastrojejunal ulcer with obstruction","Condition","SNOMED","Disorder","S","196719008"
"142",4025500,4025500,"Barrett's ulcer of esophagus","Condition","SNOMED","Disorder","S","196609006"
"143",4025501,4025501,"Acute gastric ulcer with obstruction","Condition","SNOMED","Disorder","S","196632005"
"144",4026112,4026112,"Rectal hemorrhage","Condition","SNOMED","Disorder","S","12063002"
"145",4027729,4027729,"Acute duodenal ulcer with hemorrhage","Condition","SNOMED","Disorder","S","12847006"
"146",4027942,4027942,"Esophagogastric ulcer","Condition","SNOMED","Disorder","S","10699001"
"147",4029372,4029372,"Acute ulcerative colitis","Condition","SNOMED","Disorder","S","128600008"
"148",4031048,4031048,"Severe chronic ulcerative colitis","Condition","SNOMED","Disorder","S","14311001"
"149",4031954,4031954,"Duodenal ulcer with hemorrhage AND perforation","Condition","SNOMED","Disorder","S","23812009"
"150",4035167,4035167,"Duodenal ulcer with hemorrhage AND with perforation but without obstruction","Condition","SNOMED","Disorder","S","15115006"
"151",4038489,4038489,"Gastrojejunal ulcer with perforation but without obstruction","Condition","SNOMED","Disorder","S","11818002"
"152",4040644,4040644,"Familial duodenal ulcer associated with rapid gastric emptying","Condition","SNOMED","Disorder","S","16516008"
"153",4041707,4041707,"Gastric ulcer with hemorrhage but without obstruction","Condition","SNOMED","Disorder","S","16694003"
"154",4046500,4046500,"Acute peptic ulcer with hemorrhage","Condition","SNOMED","Disorder","S","12274003"
"155",4048286,4048286,"Neonatal rectal hemorrhage","Condition","SNOMED","Disorder","S","206425006"
"156",4048601,4048601,"Perinatal hematemesis","Condition","SNOMED","Disorder","S","206406008"
"157",4048602,4048602,"Perinatal rectal hemorrhage","Condition","SNOMED","Disorder","S","206408009"
"158",4048889,4048889,"Hemorrhagic enteropathy of terminal ileum","Condition","SNOMED","Disorder","S","15720001"
"159",4049270,4049270,"Duodenal ulcer with hemorrhage, with perforation AND with obstruction","Condition","SNOMED","Disorder","S","12355008"
"160",4049466,4049466,"Gastric ulcer with hemorrhage","Condition","SNOMED","Disorder","S","15902003"
"161",4050203,4050203,"Intramural esophageal hematoma","Condition","SNOMED","Disorder","S","15970005"
"162",4054392,4054392,"Peptic ulcer with perforation but without obstruction","Condition","SNOMED","Disorder","S","12625009"
"163",4055895,4055895,"Chronic gastric ulcer with obstruction","Condition","SNOMED","Disorder","S","196639001"
"164",4057076,4057076,"Healed gastric ulcer leaving a scar","Condition","SNOMED","Disorder","S","196775009"
"165",4057953,4057953,"Acute gastric ulcer with perforation","Condition","SNOMED","Disorder","S","19850005"
"166",4059658,4059658,"Ulcer of cecum","Condition","SNOMED","Disorder","S","16101002"
"167",4069766,4069766,"Gastrojejunal ulcer with perforation AND obstruction","Condition","SNOMED","Disorder","S","21759003"
"168",4069838,4069838,"Gastric ulcer with hemorrhage, with perforation and with obstruction","Condition","SNOMED","Disorder","S","17593008"
"169",4071070,4071070,"Neonatal hematemesis","Condition","SNOMED","Disorder","S","206423004"
"170",4071203,4071203,"Gastric ulcer with hemorrhage AND perforation but without obstruction","Condition","SNOMED","Disorder","S","2066005"
"171",4076267,4076267,"Gastro-esophageal reflux disease with ulceration","Condition","SNOMED","Disorder","S","245754007"
"172",4080599,4080599,"Gastrocolic ulcer","Condition","SNOMED","Disorder","S","24060004"
"173",4081259,4081259,"Classical histoplasmosis intestinal ulceration","Condition","SNOMED","Disorder","S","240736005"
"174",4083969,4083969,"Hematoma of jejunum","Condition","SNOMED","Disorder","S","282054009"
"175",4084844,4084844,"Duodenal ulcer with hemorrhage AND obstruction","Condition","SNOMED","Disorder","S","18367003"
"176",4086978,4086978,"Eosinophilic ulcerative colitis","Condition","SNOMED","Disorder","S","24829000"
"177",4087310,4087310,"Bleeding gastric varices","Condition","SNOMED","Disorder","S","24807004"
"178",4087594,4087594,"Acute gastric mucosal erosion","Condition","SNOMED","Disorder","S","18665000"
"179",4095094,4095094,"Colonic hematoma","Condition","SNOMED","Disorder","S","262870003"
"180",4095410,4095410,"Peptic ulcer with hemorrhage, with perforation AND with obstruction","Condition","SNOMED","Disorder","S","26221006"
"181",4095555,4095555,"Esophageal hematoma","Condition","SNOMED","Disorder","S","262790002"
"182",4095570,4095570,"Small intestinal hematoma","Condition","SNOMED","Disorder","S","262852001"
"183",4095572,4095572,"Appendix hematoma","Condition","SNOMED","Disorder","S","262858002"
"184",4096032,4096032,"Duodenal hematoma","Condition","SNOMED","Disorder","S","262843005"
"185",4096773,4096773,"Stomach hematoma","Condition","SNOMED","Disorder","S","262838003"
"186",4096781,4096781,"Rectal hematoma","Condition","SNOMED","Disorder","S","262876009"
"187",4096977,4096977,"Ulcer of rectal mucosa","Condition","SNOMED","Disorder","S","249603008"
"188",4099014,4099014,"Duodenal ulcer with hemorrhage","Condition","SNOMED","Disorder","S","27281001"
"189",4100660,4100660,"Acute gastrointestinal hemorrhage","Condition","SNOMED","Disorder","S","27719009"
"190",4101104,4101104,"Gastrojejunal ulcer without hemorrhage AND without perforation","Condition","SNOMED","Disorder","S","2783007"
"191",4101870,4101870,"Chronic gastrojejunal ulcer with perforation","Condition","SNOMED","Disorder","S","2807004"
"192",4102254,4102254,"Gastroesophageal erosion","Condition","SNOMED","Disorder","S","301007008"
"193",4103011,4103011,"Chronic upper gastrointestinal hemorrhage","Condition","SNOMED","Disorder","S","25349007"
"194",4105935,4105935,"Duodenal ulcer with increased serum pepsinogen I","Condition","SNOMED","Disorder","S","29755007"
"195",4106997,4106997,"Hematoma of ileum","Condition","SNOMED","Disorder","S","282065004"
"196",4119169,4119169,"Cecal hematoma","Condition","SNOMED","Disorder","S","262865005"
"197",4126437,4126437,"Cushing ulcer","Condition","SNOMED","Disorder","S","23649000"
"198",4128705,4128705,"Hemorrhagic enteritis of intestine","Condition","SNOMED","Disorder","S","235224000"
"199",4131525,4131525,"Hemorrhagic gastropathy","Condition","SNOMED","Disorder","S","413218001"
"200",4134146,4134146,"Chronic peptic ulcer","Condition","SNOMED","Disorder","S","128287004"
"201",4134808,4134808,"Hemorrhagic duodenopathy","Condition","SNOMED","Disorder","S","413212000"
"202",4138962,4138962,"Acute duodenal ulcer without hemorrhage AND without perforation","Condition","SNOMED","Disorder","S","32490005"
"203",4139411,4139411,"Massive gastrointestinal bleed","Condition","SNOMED","Disorder","S","307297004"
"204",4143871,4143871,"Erosion of stomach with hemorrhage","Condition","SNOMED","Disorder","S","307233002"
"205",4144926,4144926,"Recurrent gastrointestinal bleeding","Condition","SNOMED","Disorder","S","307296008"
"206",4145805,4145805,"Vomiting blood - fresh","Condition","SNOMED","Disorder","S","267051003"
"207",4146517,4146517,"Chronic peptic ulcer with perforation","Condition","SNOMED","Disorder","S","3483000"
"208",4147351,4147351,"Gastrojejunal ulcer with perforation","Condition","SNOMED","Disorder","S","30183003"
"209",4147683,4147683,"Acute gastrojejunal ulcer without hemorrhage AND without perforation","Condition","SNOMED","Disorder","S","30514008"
"210",4149010,4149010,"Duodenal ulcer with hemorrhage but without obstruction","Condition","SNOMED","Disorder","S","35560008"
"211",4150681,4150681,"Chronic gastric ulcer with perforation","Condition","SNOMED","Disorder","S","31301004"
"212",4163865,4163865,"Acute peptic ulcer without hemorrhage AND without perforation","Condition","SNOMED","Disorder","S","45485004"
"213",4164920,4164920,"Chronic gastrojejunal ulcer with hemorrhage and perforation","Condition","SNOMED","Disorder","S","45640006"
"214",4169394,4169394,"Peptic ulcer with hemorrhage but without obstruction","Condition","SNOMED","Disorder","S","48658001"
"215",4169592,4169592,"Acute gastric ulcer with hemorrhage and perforation","Condition","SNOMED","Disorder","S","48974009"
"216",4172869,4172869,"Peptic ulcer of newborn","Condition","SNOMED","Disorder","S","276525003"
"217",4173408,4173408,"Chronic duodenal ulcer with perforation","Condition","SNOMED","Disorder","S","49916007"
"218",4174044,4174044,"Chronic peptic ulcer with hemorrhage","Condition","SNOMED","Disorder","S","49232000"
"219",4174823,4174823,"Peptic ulcer with perforation AND obstruction","Condition","SNOMED","Disorder","S","48336009"
"220",4175673,4175673,"Gastrojejunal ulcer with hemorrhage AND obstruction","Condition","SNOMED","Disorder","S","42698006"
"221",4177387,4177387,"Chronic gastrojejunal ulcer without hemorrhage AND without perforation","Condition","SNOMED","Disorder","S","4269005"
"222",4179773,4179773,"Gastrojejunal ulcer with hemorrhage but without obstruction","Condition","SNOMED","Disorder","S","50663005"
"223",4182589,4182589,"Childhood duodenal ulcer","Condition","SNOMED","Disorder","S","43035002"
"224",4183005,4183005,"Gastrojejunal ulcer with hemorrhage, with perforation and with obstruction","Condition","SNOMED","Disorder","S","54798007"
"225",4183009,4183009,"Jejunal ulcer","Condition","SNOMED","Disorder","S","54822007"
"226",4184770,4184770,"Proximal colon ulcer","Condition","SNOMED","Disorder","S","55957000"
"227",4188221,4188221,"Dysenteric diarrhea","Condition","SNOMED","Disorder","S","46799006"
"228",4188456,4188456,"Stress ulcer of stomach","Condition","SNOMED","Disorder","S","415624002"
"229",4188591,4188591,"Ulcerated mucosa of colon","Condition","SNOMED","Disorder","S","415767003"
"230",4189591,4189591,"Pyloric ulcer","Condition","SNOMED","Disorder","S","39204006"
"231",4194177,4194177,"Familial hypergastrinemic duodenal ulcer","Condition","SNOMED","Disorder","S","6761005"
"232",4194543,4194543,"Acute peptic ulcer with perforation","Condition","SNOMED","Disorder","S","79118000"
"233",4195068,4195068,"Chronic lower gastrointestinal hemorrhage","Condition","SNOMED","Disorder","S","68162000"
"234",4195231,4195231,"Acute gastric ulcer without hemorrhage AND without perforation","Condition","SNOMED","Disorder","S","67964002"
"235",4195878,4195878,"Sigmoid colon ulcer","Condition","SNOMED","Disorder","S","799008"
"236",4196699,4196699,"Ileal ulcer","Condition","SNOMED","Disorder","S","50565005"
"237",4197099,4197099,"Combined gastric AND duodenal ulcer","Condition","SNOMED","Disorder","S","79806007"
"238",4197598,4197598,"Multiple gastric ulcers","Condition","SNOMED","Disorder","S","313425006"
"239",4200399,4200399,"Zollinger-Ellison syndrome","Condition","SNOMED","Disorder","S","53132006"
"240",4204041,4204041,"Hematemesis - cause unknown","Condition","SNOMED","Disorder","S","308904008"
"241",4204555,4204555,"Chronic peptic ulcer without hemorrhage AND without perforation","Condition","SNOMED","Disorder","S","5492000"
"242",4205670,4205670,"Bleeding stress ulcer of stomach","Condition","SNOMED","Disorder","S","308882008"
"243",4206315,4206315,"Chronic gastric ulcer with perforation AND with obstruction","Condition","SNOMED","Disorder","S","55483002"
"244",4206466,4206466,"Peptic ulcer with hemorrhage AND perforation","Condition","SNOMED","Disorder","S","55617001"
"245",4206524,4206524,"Ulcerative esophagitis","Condition","SNOMED","Disorder","S","439955006"
"246",4207217,4207217,"Gastric ulcer with hemorrhage and obstruction","Condition","SNOMED","Disorder","S","53877005"
"247",4209746,4209746,"Duodenal ulcer without hemorrhage AND without perforation","Condition","SNOMED","Disorder","S","56776001"
"248",4211001,4211001,"Chronic gastric ulcer with hemorrhage","Condition","SNOMED","Disorder","S","57246001"
"249",4214461,4214461,"Acute erosion of duodenum","Condition","SNOMED","Disorder","S","39344002"
"250",4216673,4216673,"Hemorrhagic colitis","Condition","SNOMED","Disorder","S","81318004"
"251",4217281,4217281,"Curling's ulcers","Condition","SNOMED","Disorder","S","39755000"
"252",4217947,4217947,"Acute gastrojejunal ulcer with hemorrhage and perforation","Condition","SNOMED","Disorder","S","81387001"
"253",4222477,4222477,"Gastrojejunal ulcer with hemorrhage","Condition","SNOMED","Disorder","S","84124004"
"254",4222896,4222896,"Chronic duodenal ulcer without hemorrhage AND without perforation","Condition","SNOMED","Disorder","S","40214005"
"255",4223226,4223226,"Gastric ulcer with perforation but without obstruction","Condition","SNOMED","Disorder","S","84038009"
"256",4229422,4229422,"Fungal ulcer of esophagus","Condition","SNOMED","Disorder","S","88700009"
"257",4229614,4229614,"Duodenal ulcer with perforation","Condition","SNOMED","Disorder","S","88968005"
"258",4231067,4231067,"Erosive esophagitis","Condition","SNOMED","Disorder","S","40719004"
"259",4231580,4231580,"Acute gastric ulcer with hemorrhage","Condition","SNOMED","Disorder","S","89748001"
"260",4231748,4231748,"Idiopathic diffuse ulcerative nongranulomatous enteritis of intestine","Condition","SNOMED","Disorder","S","359656003"
"261",4232181,4232181,"Chronic duodenal ulcer with hemorrhage","Condition","SNOMED","Disorder","S","89469000"
"262",4232237,4232237,"Esophageal bleeding due to ulcerative esophagitis","Condition","SNOMED","Disorder","S","439442003"
"263",4232767,4232767,"Helicobacter-associated pyloric ulcer","Condition","SNOMED","Disorder","S","89662003"
"264",4235740,4235740,"Peptic ulcer with hemorrhage AND with perforation but without obstruction","Condition","SNOMED","Disorder","S","90489006"
"265",4237822,4237822,"Stercoral ulcer of anus","Condition","SNOMED","Disorder","S","91105001"
"266",4244406,4244406,"Chronic gastrojejunal ulcer with hemorrhage but without perforation","Condition","SNOMED","Disorder","S","59356009"
"267",4247008,4247008,"Chronic peptic ulcer with hemorrhage AND perforation","Condition","SNOMED","Disorder","S","61300005"
"268",4248429,4248429,"Gastric ulcer without hemorrhage AND without perforation","Condition","SNOMED","Disorder","S","73481001"
"269",4259504,4259504,"Iritis with ulcerative colitis","Condition","SNOMED","Disorder","S","410484008"
"270",4260059,4260059,"Hemorrhagic gastroenteritis","Condition","SNOMED","Disorder","S","409506009"
"271",4262987,4262987,"Diffuse ulcerations of jejunum AND/OR ileum","Condition","SNOMED","Disorder","S","361142004"
"272",4263071,4263071,"Stercoral ulcer of rectum","Condition","SNOMED","Disorder","S","46495001"
"273",4263256,4263256,"Idiopathic multiple ulcers of small intestine","Condition","SNOMED","Disorder","S","361141006"
"274",4264487,4264487,"Hemorrhagic esophagitis","Condition","SNOMED","Disorder","S","60698006"
"275",4265479,4265479,"Acute duodenal ulcer with perforation","Condition","SNOMED","Disorder","S","61347001"
"276",4266523,4266523,"Gastric ulcer with hemorrhage and perforation","Condition","SNOMED","Disorder","S","62366003"
"277",4267306,4267306,"Ulcer of esophagus caused by ingestion of corrosive chemical","Condition","SNOMED","Disorder","S","62465000"
"278",4267871,4267871,"Celiac disease with diffuse intestinal ulceration","Condition","SNOMED","Disorder","S","61715008"
"279",4271442,4271442,"Chronic erosive gastritis","Condition","SNOMED","Disorder","S","63137003"
"280",4271696,4271696,"Peptic ulcer with hemorrhage","Condition","SNOMED","Disorder","S","64121000"
"281",4273101,4273101,"Peptic ulcer with hemorrhage AND obstruction","Condition","SNOMED","Disorder","S","64398008"
"282",4273255,4273255,"Ulcer of esophagus caused by ingestion of medicine","Condition","SNOMED","Disorder","S","64595005"
"283",4273874,4273874,"Gastrojejunal ulcer with hemorrhage AND perforation","Condition","SNOMED","Disorder","S","64094003"
"284",4274491,4274491,"Acute gastrojejunal ulcer with hemorrhage","Condition","SNOMED","Disorder","S","63954007"
"285",4280942,4280942,"Acute gastrojejunal ulcer with perforation","Condition","SNOMED","Disorder","S","66636001"
"286",4283223,4283223,"Nonspecific ulcerative proctitis","Condition","SNOMED","Disorder","S","67038005"
"287",4285720,4285720,"Giant duodenal ulcer","Condition","SNOMED","Disorder","S","68834009"
"288",4289830,4289830,"Chronic duodenal ulcer with hemorrhage AND perforation","Condition","SNOMED","Disorder","S","36975000"
"289",4291028,4291028,"Peptic ulcer without hemorrhage AND without perforation","Condition","SNOMED","Disorder","S","37442009"
"290",4291649,4291649,"Upper gastrointestinal bleeding","Condition","SNOMED","Disorder","S","37372002"
"291",4294973,4294973,"Chronic gastric ulcer with hemorrhage and with perforation","Condition","SNOMED","Disorder","S","76181002"
"292",4296319,4296319,"Normopepsinogenemic familial duodenal ulcer","Condition","SNOMED","Disorder","S","76338009"
"293",4296611,4296611,"Chronic gastric ulcer without hemorrhage AND without perforation","Condition","SNOMED","Disorder","S","76796008"
"294",4298227,4298227,"Duodenal ulcer with perforation AND obstruction","Condition","SNOMED","Disorder","S","77410006"
"295",4299937,4299937,"Postpyloric ulcer","Condition","SNOMED","Disorder","S","78054007"
"296",4301738,4301738,"Mild chronic ulcerative colitis","Condition","SNOMED","Disorder","S","78324009"
"297",4302002,4302002,"Moderate chronic ulcerative colitis","Condition","SNOMED","Disorder","S","78712000"
"298",4307661,4307661,"Chronic gastrointestinal hemorrhage","Condition","SNOMED","Disorder","S","83628005"
"299",4308202,4308202,"Acute upper gastrointestinal hemorrhage","Condition","SNOMED","Disorder","S","38938002"
"300",4310668,4310668,"Acute lower gastrointestinal hemorrhage","Condition","SNOMED","Disorder","S","85521005"
"301",4315039,4315039,"Duodenal ulcer with perforation but without obstruction","Condition","SNOMED","Disorder","S","86983005"
"302",4318535,4318535,"Duodenal hemorrhage","Condition","SNOMED","Disorder","S","95533003"
"303",4318829,4318829,"Ileal hemorrhage","Condition","SNOMED","Disorder","S","95535005"
"304",4320492,4320492,"Acute hemorrhagic colitis caused by Escherichia coli","Condition","SNOMED","Disorder","S","69810009"
"305",4321586,4321586,"Gastric ulcer with perforation","Condition","SNOMED","Disorder","S","9829001"
"306",4322061,4322061,"Hemorrhagic proctitis","Condition","SNOMED","Disorder","S","981008"
"307",4332645,4332645,"Upper gastrointestinal hemorrhage associated with hypercoagulability state","Condition","SNOMED","Disorder","S","430349003"
"308",4336230,4336230,"Acute duodenal ulcer with hemorrhage AND perforation","Condition","SNOMED","Disorder","S","86895006"
"309",4336971,4336971,"Gastrojejunal ulcer with hemorrhage and with perforation but without obstruction","Condition","SNOMED","Disorder","S","87796008"
"310",4338225,4338225,"Peptic ulcer with perforation","Condition","SNOMED","Disorder","S","88169003"
"311",4338544,4338544,"Lower gastrointestinal hemorrhage","Condition","SNOMED","Disorder","S","87763006"
"312",4340115,4340115,"Bacterial ulcer of esophagus","Condition","SNOMED","Disorder","S","235610009"
"313",4340230,4340230,"Duodenal erosion","Condition","SNOMED","Disorder","S","235692002"
"314",4340509,4340509,"Acute hemorrhagic enterocolitis","Condition","SNOMED","Disorder","S","236016008"
"315",4340663,4340663,"Stress ulceration of esophagus","Condition","SNOMED","Disorder","S","235614000"
"316",4340787,4340787,"Healed gastric ulcer","Condition","SNOMED","Disorder","S","235702004"
"317",4340788,4340788,"Primary nonspecific ulceration of small intestine","Condition","SNOMED","Disorder","S","235713001"
"318",4340800,4340800,"Stercoral ulcer of large intestine","Condition","SNOMED","Disorder","S","235767007"
"319",4340801,4340801,"Traumatic ulcer of large intestine","Condition","SNOMED","Disorder","S","235768002"
"320",4341227,4341227,"Infective ulcer of esophagus","Condition","SNOMED","Disorder","S","235609004"
"321",4341228,4341228,"Viral ulcer of esophagus","Condition","SNOMED","Disorder","S","235611008"
"322",4341233,4341233,"Acute drug-induced ulcer of stomach","Condition","SNOMED","Disorder","S","235648004"
"323",4341234,4341234,"Gastric erosion","Condition","SNOMED","Disorder","S","235651006"
"324",4341235,4341235,"Multiple gastric erosions","Condition","SNOMED","Disorder","S","235652004"
"325",4341240,4341240,"Cushing ulcer of duodenum","Condition","SNOMED","Disorder","S","235689001"
"326",4341252,4341252,"Esophageal anastomotic hemorrhage","Condition","SNOMED","Disorder","S","236093004"
"327",4341253,4341253,"Small intestine anastomotic hemorrhage","Condition","SNOMED","Disorder","S","236096007"
"328",4341542,4341542,"Ulcerative jejunitis","Condition","SNOMED","Disorder","S","235712006"
"329",4341790,4341790,"Large intestine anastomotic hemorrhage","Condition","SNOMED","Disorder","S","236097003"
"330",4342628,4342628,"Eosinophilic ulcer of esophagus","Condition","SNOMED","Disorder","S","235608007"
"331",4342629,4342629,"Protozoal ulcer of esophagus","Condition","SNOMED","Disorder","S","235612001"
"332",4342630,4342630,"Ulcer of esophagus caused by radiation","Condition","SNOMED","Disorder","S","235613006"
"333",4342642,4342642,"Chronic drug-induced ulcer of stomach","Condition","SNOMED","Disorder","S","235650007"
"334",4342649,4342649,"Stress ulcer of duodenum","Condition","SNOMED","Disorder","S","235688009"
"335",4342650,4342650,"Curling's ulcer of duodenum","Condition","SNOMED","Disorder","S","235690005"
"336",4342655,4342655,"Ulceration of small intestine","Condition","SNOMED","Disorder","S","235710003"
"337",4342656,4342656,"Ulcerative enterocolitis","Condition","SNOMED","Disorder","S","235714007"
"338",4342752,4342752,"Ulceration of large intestine","Condition","SNOMED","Disorder","S","235766003"
"339",4342904,4342904,"Gastrointestinal anastomotic hemorrhage","Condition","SNOMED","Disorder","S","236092009"
"340",4342905,4342905,"Gastric anastomotic hemorrhage","Condition","SNOMED","Disorder","S","236094005"
"341",4342987,4342987,"Duodenal anastomotic hemorrhage","Condition","SNOMED","Disorder","S","236095006"
"342",36713503,36713503,"Peptic anastomotic ulcer","Condition","SNOMED","Disorder","S","717863000"
"343",36713507,36713507,"Intramural hemorrhage of stomach","Condition","SNOMED","Disorder","S","717868009"
"344",36713516,36713516,"Eosinophilic duodenal ulcer","Condition","SNOMED","Disorder","S","717878007"
"345",36713517,36713517,"Lymphocytic duodenal ulcer","Condition","SNOMED","Disorder","S","717879004"
"346",36713527,36713527,"Gastric ulcer due to Zollinger-Ellison syndrome","Condition","SNOMED","Disorder","S","717891008"
"347",36715487,36715487,"Intramural hemorrhage of esophagus","Condition","SNOMED","Disorder","S","721179009"
"348",36716506,36716506,"Non-infective ulceration of small intestine","Condition","SNOMED","Disorder","S","722534001"
"349",36716508,36716508,"Ulcer of small intestine caused by radiation","Condition","SNOMED","Disorder","S","722537008"
"350",36716509,36716509,"Traumatic ulcer of small intestine","Condition","SNOMED","Disorder","S","722538003"
"351",36716693,36716693,"Chronic non-specific multiple ulcers of small intestine","Condition","SNOMED","Disorder","S","722848005"
"352",36716694,36716694,"Cryptogenic multifocal ulcerous stenosing enteritis","Condition","SNOMED","Disorder","S","722849002"
"353",36716875,36716875,"Gastric ulcer caused by bacterium","Condition","SNOMED","Disorder","S","723099007"
"354",36716876,36716876,"Gastric ulcer caused by virus","Condition","SNOMED","Disorder","S","723100004"
"355",36716877,36716877,"Gastric ulcer due to parasitic infection","Condition","SNOMED","Disorder","S","723102007"
"356",36716878,36716878,"Gastric ulcer caused by alcohol","Condition","SNOMED","Disorder","S","723103002"
"357",36716879,36716879,"Gastric ulcer caused by ionizing radiation","Condition","SNOMED","Disorder","S","723104008"
"358",36716880,36716880,"Gastric ulcer caused by chemical","Condition","SNOMED","Disorder","S","723105009"
"359",36716882,36716882,"Ulcer of small intestine caused by foreign body","Condition","SNOMED","Disorder","S","723107001"
"360",36717237,36717237,"Obscure gastrointestinal hemorrhage","Condition","SNOMED","Disorder","S","722886001"
"361",36717494,36717494,"Acute hemorrhagic ulcer of rectum","Condition","SNOMED","Disorder","S","721690003"
"362",36717606,36717606,"Gastric ulcer caused by fungus","Condition","SNOMED","Disorder","S","723101000"
"363",36717644,36717644,"Intramural hemorrhage of duodenum","Condition","SNOMED","Disorder","S","717882009"
"364",36717645,36717645,"Duodenal ulcer due to Zollinger-Ellison syndrome","Condition","SNOMED","Disorder","S","717892001"
"365",37017137,37017137,"Perforated ulcer of intestine","Condition","SNOMED","Disorder","S","713354008"
"366",37110304,37110304,"Ulcer of esophagus caused by thermal agent","Condition","SNOMED","Disorder","S","724516001"
"367",37110306,37110306,"Gastric ulcer caused by Helicobacter pylori and non-steroidal anti-inflammatory agent","Condition","SNOMED","Disorder","S","724519008"
"368",37110307,37110307,"Ulcer of stomach due to eosinophilic gastritis","Condition","SNOMED","Disorder","S","724520002"
"369",37110308,37110308,"Anastomotic ulcer of stomach caused by Helicobacter pylori","Condition","SNOMED","Disorder","S","724522005"
"370",37110309,37110309,"Anastomotic ulcer of stomach caused by drug","Condition","SNOMED","Disorder","S","724523000"
"371",37110314,37110314,"Duodenal ulcer caused by Helicobacter pylori","Condition","SNOMED","Disorder","S","724528009"
"372",37110315,37110315,"Duodenal ulcer caused by drug","Condition","SNOMED","Disorder","S","724529001"
"373",37110316,37110316,"Duodenal ulcer caused by Helicobacter pylori and non-steroidal anti-inflammatory agent","Condition","SNOMED","Disorder","S","724530006"
"374",37110317,37110317,"Ulcer of duodenum caused by chemical","Condition","SNOMED","Disorder","S","724532003"
"375",37110318,37110318,"Duodenal ulcer caused by virus","Condition","SNOMED","Disorder","S","724533008"
"376",37110319,37110319,"Duodenal ulcer caused by fungus","Condition","SNOMED","Disorder","S","724534002"
"377",37116438,37116438,"Parasitic infection causing ulcer of esophagus","Condition","SNOMED","Disorder","S","733147004"
"378",37117176,37117176,"Duodenal ulcer caused by bacterium","Condition","SNOMED","Disorder","S","723884008"
"379",37117196,37117196,"Ulcer of duodenum caused by ionizing radiation","Condition","SNOMED","Disorder","S","724531005"
"380",37119136,37119136,"Ulcer of stomach due to lymphocytic gastritis","Condition","SNOMED","Disorder","S","724521003"
"381",37396763,37396763,"Solitary rectal ulcer syndrome","Condition","SNOMED","Disorder","S","716685003"
"382",40479837,40479837,"Chronic ulcerative colitis","Condition","SNOMED","Disorder","S","444546002"
"383",40481367,40481367,"Chronic left-sided ulcerative colitis","Condition","SNOMED","Disorder","S","441971007"
"384",40481540,40481540,"Acute erosive gastritis","Condition","SNOMED","Disorder","S","444926003"
"385",40482241,40482241,"Chronic ulcerative pancolitis","Condition","SNOMED","Disorder","S","442159003"
"386",40482451,40482451,"Bleeding Meckel's diverticulum","Condition","SNOMED","Disorder","S","445163001"
"387",42536736,42536736,"Diverticulum and hemorrhage of small intestine","Condition","SNOMED","Disorder","S","735727004"
"388",42536738,42536738,"Diverticulum and hemorrhage of large intestine","Condition","SNOMED","Disorder","S","735729001"
"389",42537661,42537661,"Ulcer of esophagus due to allergic disorder","Condition","SNOMED","Disorder","S","737189006"
"390",42537662,42537662,"Ulcer of esophagus due to disorder of immune system","Condition","SNOMED","Disorder","S","737190002"
"391",42538071,42538071,"Cushing ulcer of stomach","Condition","SNOMED","Disorder","S","738791006"
"392",42538072,42538072,"Cushing ulcer of esophagus","Condition","SNOMED","Disorder","S","738792004"
"393",42538546,42538546,"Infection causing ulcer of stomach","Condition","SNOMED","Disorder","S","762274007"
"394",42538548,42538548,"Ulcer of duodenum due to infection","Condition","SNOMED","Disorder","S","762276009"
"395",44783784,44783784,"Ulcerative colitis in remission","Condition","SNOMED","Disorder","S","697969008"
"396",44784282,44784282,"Chronic antral gastritis with hemorrhage","Condition","SNOMED","Disorder","S","698352000"
"397",45757062,45757062,"Gastric ulcer caused by Helicobacter pylori","Condition","SNOMED","Disorder","S","103691000119106"
"398",45757397,45757397,"Gastric ulcer caused by non-steroidal anti-inflammatory drug in therapeutic use","Condition","SNOMED","Disorder","S","129141000119104"
"399",45757543,45757543,"Hemorrhage of colon due to diverticulosis","Condition","SNOMED","Disorder","S","190191000119107"
"400",45757570,45757570,"Gastric hemorrhage due to idiopathic erosive gastritis","Condition","SNOMED","Disorder","S","218541000119109"
"401",45757654,45757654,"Intestinal hemorrhage due to angiodysplasia of intestine","Condition","SNOMED","Disorder","S","29731000119103"
"402",45757783,45757783,"Gastric hemorrhage due to alcoholic gastritis","Condition","SNOMED","Disorder","S","40241000119109"
"403",45763550,45763550,"Antral ulcer","Condition","SNOMED","Disorder","S","4911000119101"
"404",45768629,45768629,"Gastric hemorrhage due to erosive gastritis","Condition","SNOMED","Disorder","S","7071000119102"
"405",46269819,46269819,"Gastric hemorrhage due to allergic gastritis","Condition","SNOMED","Disorder","S","1082631000119106"
"406",46269821,46269821,"Duodenal hemorrhage due to angiodysplasia of duodenum","Condition","SNOMED","Disorder","S","1082701000119105"
"407",46269822,46269822,"Gastric hemorrhage due to angiodysplasia of stomach","Condition","SNOMED","Disorder","S","1082711000119108"
"408",46269837,46269837,"Gastric hemorrhage due to chronic superficial gastritis","Condition","SNOMED","Disorder","S","1085121000119107"
"409",46269838,46269838,"Abscess of intestine co-occurrent and due to chronic ulcerative pancolitis","Condition","SNOMED","Disorder","S","1085131000119105"
"410",46269841,46269841,"Rectal hemorrhage due to chronic ulcerative pancolitis","Condition","SNOMED","Disorder","S","1085171000119108"
"411",46269842,46269842,"Abscess of intestine co-occurrent and due to chronic ulcerative proctitis","Condition","SNOMED","Disorder","S","1085181000119106"
"412",46269847,46269847,"Rectal hemorrhage due to chronic ulcerative proctitis","Condition","SNOMED","Disorder","S","1085221000119103"
"413",46269848,46269848,"Abscess of intestine co-occurrent and due to chronic ulcerative rectosigmoiditis","Condition","SNOMED","Disorder","S","1085231000119100"
"414",46269851,46269851,"Rectal hemorrhage due to chronic ulcerative rectosigmoiditis","Condition","SNOMED","Disorder","S","1085271000119102"
"415",46269863,46269863,"Rectal hemorrhage due to inflammatory polyps of colon","Condition","SNOMED","Disorder","S","1085431000119101"
"416",46269877,46269877,"Rectal hemorrhage due to Crohn's disease of large intestine","Condition","SNOMED","Disorder","S","1085791000119105"
"417",46269882,46269882,"Rectal hemorrhage due to Crohn's disease of small and large intestines","Condition","SNOMED","Disorder","S","1085841000119108"
"418",46269887,46269887,"Rectal hemorrhage due to Crohn's disease of small intestine","Condition","SNOMED","Disorder","S","1085891000119100"
"419",46269891,46269891,"Rectal hemorrhage due to Crohn's disease","Condition","SNOMED","Disorder","S","1085941000119104"
"420",46269892,46269892,"Duodenal hemorrhage due to Dieulafoy lesion of duodenum","Condition","SNOMED","Disorder","S","1086031000119101"
"421",46269893,46269893,"Gastric hemorrhage due to Dieulafoy lesion of stomach","Condition","SNOMED","Disorder","S","1086041000119105"
"422",46269901,46269901,"Hemorrhage of small intestine due to diverticulitis","Condition","SNOMED","Disorder","S","1086461000119101"
"423",46269902,46269902,"Perforation of small intestine co-occurrent with hemorrhage due to diverticulitis","Condition","SNOMED","Disorder","S","1086481000119105"
"424",46269904,46269904,"Hemorrhage with diverticulosis of duodenum","Condition","SNOMED","Disorder","S","1086561000119100"
"425",46269905,46269905,"Hemorrhage with diverticulosis of ileum","Condition","SNOMED","Disorder","S","1086571000119106"
"426",46269906,46269906,"Hemorrhage of jejunum with diverticulosis","Condition","SNOMED","Disorder","S","1086581000119109"
"427",46269907,46269907,"Intestinal hemorrhage with diverticulosis","Condition","SNOMED","Disorder","S","1086601000119100"
"428",46269908,46269908,"Gastric hemorrhage due to vascular ectasia of gastric antrum","Condition","SNOMED","Disorder","S","1086951000119108"
"429",46269910,46269910,"Gastric hemorrhage caused by Helicobacter pylori","Condition","SNOMED","Disorder","S","1087081000119102"
"430",46269911,46269911,"Gastric hemorrhage due to hypertrophic gastritis","Condition","SNOMED","Disorder","S","1087161000119105"
"431",46269912,46269912,"Gastric hemorrhage due to irritant gastritis","Condition","SNOMED","Disorder","S","1087811000119103"
"432",46269935,46269935,"Gastric hemorrhage due to pyloric gastritis","Condition","SNOMED","Disorder","S","1090361000119108"
"433",46269951,46269951,"Abscess of intestine co-occurrent and due to ulcerative colitis","Condition","SNOMED","Disorder","S","1092841000119100"
"434",46269953,46269953,"Gastric hemorrhage due to viral gastritis","Condition","SNOMED","Disorder","S","1092941000119109"
"435",46270025,46270025,"Gastric hemorrhage due to eosinophilic gastritis","Condition","SNOMED","Disorder","S","123411000119106"
"436",46270145,46270145,"Gastric hemorrhage due to atrophic gastritis","Condition","SNOMED","Disorder","S","150721000119102"
"437",46272978,46272978,"Hemorrhage of cecum","Condition","SNOMED","Disorder","S","711441008"
"438",46273183,46273183,"Intestinal hemorrhage","Condition","SNOMED","Disorder","S","712510007"
"439",46273470,46273470,"Hemorrhage of cecum due to diverticulosis","Condition","SNOMED","Disorder","S","1086551000119102"
"440",46273478,46273478,"Rectal hemorrhage due to ulcerative colitis","Condition","SNOMED","Disorder","S","1092881000119105"
"441",4124305,4124305,"Duodenal ulcer excision","Procedure","SNOMED","Procedure","S","287828006"
"442",44789799,44789799,"Oversew of blood vessel of duodenal ulcer","Procedure","SNOMED","Procedure","S","226891000000104"
"443",4123756,4123756,"Closure of perforated stomach","Procedure","SNOMED","Procedure","S","235231001"
"444",4068164,4068164,"Duodenal ulcer operation","Procedure","SNOMED","Procedure","S","173887007"
"445",4139402,4139402,"Suture of gastric ulcer","Procedure","SNOMED","Procedure","S","307259004"
"446",4145877,4145877,"Closure of perforated bowel ulcer","Procedure","SNOMED","Procedure","S","307261008"
"447",4066636,4066636,"Closure of perforated duodenal ulcer","Procedure","SNOMED","Procedure","S","173889005"
"448",4069246,4069246,"Resection of gastric ulcer by cautery","Procedure","SNOMED","Procedure","S","173731008"
"449",4069259,4069259,"Gastrotomy and ligation of bleeding point of stomach","Procedure","SNOMED","Procedure","S","173778009"
"450",4069351,4069351,"Closure of perforated gastric ulcer","Procedure","SNOMED","Procedure","S","173842008"
"451",4070478,4070478,"Gastric ulcer operation","Procedure","SNOMED","Procedure","S","173841001"
"452",4121241,4121241,"Stomach ulcer excision","Procedure","SNOMED","Procedure","S","287832000"
"453",4123263,4123263,"Oversewing perforated gastric ulcer","Procedure","SNOMED","Procedure","S","235232008"
"454",4139403,4139403,"Suture of ulcer of duodenum","Procedure","SNOMED","Procedure","S","307260009"
"455",4141229,4141229,"Oversewing of bleeding gastric ulcer","Procedure","SNOMED","Procedure","S","307512007"
"456",4144180,4144180,"Repair of perforated pyloric ulcer","Procedure","SNOMED","Procedure","S","307556007"
"457",4144181,4144181,"Omental patch repair of perforated pyloric ulcer","Procedure","SNOMED","Procedure","S","307557003"
"458",4144797,4144797,"Laparoscopic closure of perforated gastric ulcer","Procedure","SNOMED","Procedure","S","307190008"
"459",4145097,4145097,"Under-running of bleeding duodenal ulcer","Procedure","SNOMED","Procedure","S","307511000"
"460",4146477,4146477,"Oversewing of bleeding duodenal ulcer","Procedure","SNOMED","Procedure","S","307510004"
"461",4147763,4147763,"Oversewing of perforated duodenal ulcer","Procedure","SNOMED","Procedure","S","35892001"
"462",4150196,4150196,"Ligation of gastric ulcer","Procedure","SNOMED","Procedure","S","31256001"
"463",4151589,4151589,"Endoscopic injection hemostasis of duodenal ulcer","Procedure","SNOMED","Procedure","S","314627002"
"464",4152547,4152547,"Endoscopic injection hemostasis of gastric ulcer","Procedure","SNOMED","Procedure","S","314629004"
"465",4200296,4200296,"Under-running of bleeding gastric ulcer","Procedure","SNOMED","Procedure","S","314632001"
"466",4230239,4230239,"Closure of ulcer of duodenum","Procedure","SNOMED","Procedure","S","359574001"
"467",4231180,4231180,"Oversewing of ulcer crater of stomach","Procedure","SNOMED","Procedure","S","360377004"
"468",4232839,4232839,"Gastrorrhaphy for perforated gastric ulcer","Procedure","SNOMED","Procedure","S","360372005"
"469",4307242,4307242,"Closure of stomach ulcer","Procedure","SNOMED","Procedure","S","8322005"
"470",40485318,40485318,"Incision of stomach and suture of bleeding gastric ulcer","Procedure","SNOMED","Procedure","S","442805003"
"471",44784361,44784361,"Patch repair of perforated duodenal ulcer","Procedure","SNOMED","Procedure","S","698496004"
"472",46270689,46270689,"Laparoscopic closure of stomach ulcer using patch","Procedure","SNOMED","Procedure","S","708644006"
"473",46270690,46270690,"Laparoscopic closure of duodenal ulcer using patch","Procedure","SNOMED","Procedure","S","708645007"
